"","accno1","seq1","accno2","seq2","Vr"
"1","MF373182","TGTAGAGATGTCAATTCTTCCAATGCTACCTCCCTTGTCCAGGACATAGCAGAAATCAAGAAC","AF219261","TGTAGCAATGCCAATGCCAACTCTATCAATGCCAATGCCACCTCTACCAATGCCACTGCCGAGAACGAGAAGGGAGAAATAAAAAAC",1
"2","MF373182","TGCTCTTTCAATATGACCGCTCATTTAAGGGATACCAACAACAAAGTGTACTCACTTTTTAATGGATCTGACGTAACTCAAATTAATGAAACGCATGGGACCTATAAACTGCTGAGTTGT","AF219261","TGCTCTTTCAATATGACCACAGAACTAAGGGATAAGAAAAAGAAAGTATATTCACTTTTTTATAGACTTGATGTAATACCACTTAATGGAACGGAGAATGAGACTTACACTGAGTATAGGTTAATAAATTGT",2
"3","MF373182","TGTAATACATCAGGCCTGTTTAATAGCAGTTGGGGAGTAAACAACACTGATGGCAATATAACTAATGGCACGATAACTCTCCCCTGC","AF219261","TGTAATACATCAGGCCTGTTTAATAGCACTTGGGTGTCAAACAACACTGGGAAATATTATAGTAATAGCACTAGGGAAAATCCAAATATAACTCTCCCATGC",4
"4","MF373182","TACAACAACAGCACTAACCAAATCGACAAAATCTTCAGACCT","AF219261","GATAAGAACAACACAAGTGAAATCTTCAGACCT",5
"5","EU110092","TGTACAAATGTAACTGTCACTAATGATAAAACGGTAAAGAACCAGCAAGAATTAAAAAAC","KT022382","TGTACCGAGGCCAGTGTCAGTTTCGATGGGGACAAGGAAGAAATAAAAAAC",1
"6","EU110092","TGTTCTTTCAATGTAACTACAGAATTAAGGGATAAGAAAAAGAAAGTATATTCACTTTTTTATAGACTTGATGTAGTACAAATTAATGAGAATAGTAGTAGTAATAGTAGTGAGTATAGATTAATAAATTGT","KT022382","TGCTCTTTCAATATGACTACAGAGTTAAGGGATAAGAAACAGCAGGTGTATTCACTTTTTTATAGACTTGATATAGTACCAATTAATGAAGAGAAAAATATCACAGAGTATAGATTAATAAATTGT",2
"7","EU110092","TGTGATACATCAGCTCTGTTCAATAGCACTTGGAATGCCACTGAGTCAAATGACACAAACTCCACAGAATCAAACTCAAATGACACTATAACTCTCCCATGC","KT022382","TGTAATACATCAGGCCTGTTCAATAGTAGCTGGGGTCCAAATGACACGAAATCAGATAACTCAACTACAAATTACACTCTCCCATGC",4
"8","EU110092","GAAAATAGAGAAAATAATGACAGTAGTGAAATCTTCAGACCA","KT022382","CATAACAGTATTAACAATGAAACTGAAACATTCAGACCT",5
"9","AF069671","TGTCACTATAATATCACTGTCAAGAATATCACTGTCAGCAGCAACAATAATATTAGTATCAGCAACAGCACGGAGGACATGAGAAAC","EU110087","TGTAGTAGCTATAATGGTAGCAAGACCAATGTCACCAATAACAGGACCAATGTCACCAGTGACATGGGAGGAGAAATAAAAAAC",1
"10","AF069671","TGCTCTTTCAATATGACCACAGAACTAAGAGATAAGCAACAGAAAGTATATTCACTTTTTTATAGACTTGATCTAGTAAAAATTGATGAAAATAAGAGTAATAGTAGTAATAGTAAGTATAGATTAATAAATTGT","EU110087","TGCTCTTTCAATATGACCACAGAATTAAGGGATAAGAAAAAGAAAGTATATTCACTTTTTTATAGACTTGATATAGTACCAATTAATGAACATAACAATAATAGTAATGAGTATAGATTAATAAATTGT",2
"11","AF069671","TGTAATACATCAGGCCTGTTTAATAGCACTATTTTGAATAGCACTAAGATGAATGACAATGCCAGCAGGGAGTCGTATGATGACACTATAACCCTCCAGTGC","EU110087","TGTAATACATCAAGCCTGTTTAATGGCACTTGGAACAATAATAACACGCAGAACAACACGGAGCCAAATG?C?ATATAACTCTCCCATGC",4
"12","FJ623475","TGCAAGGAGGTTAATGTCACAGCCGCAAACAGCACGGAAGAAATGATGAAAAAC","KT022368","TGTAGCTATAATGTTACCTTCAACAGTACCAATATCACTGCTGAAGAAAGAGAAGAGATAAAAAAC",1
"13","FJ623475","TGCTCTTTCAATATAACCACAGAGATAAGGGATAAGAGAAAGAAGGTCTATTCACTTTTTTATAGACTTGATATAGTACCAATTAGTGCAAATAGGAATAATAGTACCACTGAGTATAGATTAATAAATTGT","KT022368","TGCTCTTACAATGTGACCACAGAAATAAGGGATAAGAAACAGAAAGTATATTCACTCTTTTATAAACTTGATATAGTACAAATTGAAAATAGTAATAATAATAGTAGTAATAGTAGTATAATGTATAGATTAATAAATTGT",2
"14","FJ623475","TGTGATACATCAGGCCTGTTTAATAGCACTTGGGGAGCCACTGACAGCATGCATGGGGCAAATGACACGGAGTCAAATGACACTATAACTCTCCCATGT","KT022368","TGTAATACAACAGACCTGTTTGATAGCATTTGGCTTTACAATGCCAGCATGCATAATGCAAATAGCACGATAACTCTCCAATGC",4
"15","FJ623486","TGTGGAACTGTCACCAACGACACGGAGGGAGAAAGAAAAAAC","AF457069","TGTAGCAATGCCAATGTAGGTTATAGCAATGCCACTGTTAACAACACCATCAAGGATGAAATAAAAAAC",1
"16","FJ623486","TGCTCTTTCAATATGACCACAGAGCTAAGGGATAAAAAACAGAAGGTATATGCTCTTTTTTATAGACTTGATATAGTAAAAATTAATGAAAGTCAAGGTAATAGTAGTGAATATAGATTAATAAATTGT","AF457069","TGCTCTTTCAATACAACCACAGCACTAAGGGATAAGAGACAGAAAGTATATTCACTTTTTTATAGACTTGATATAGTACAAATTGATAATAGTAGTAGTGATAGTAGTAGTAGTGAGTATAGATTAATAAATTGT",2
"17","FJ623486","TGTAATACATCAGAACTATTTAATAGCACTTGGAATCTTAATAGCACTTGGAATCACACTGGCAGCATACCGGAGTCAAATAGCACGGAGTCAAATGGCACTATAACCCTCAAATGC","AF457069","TGTGATACATCAGGCCTGTTTAATAGCAGTTGGAATGATACCACTTGGAATGAGTCAAATAGCACGGGGTCAAATGACACTATAACTCTCCTATGC",4
"18","KT022372","TGCTCTTACAATATGACCACAGAGATAAGGGATAAGAAACAGAAGATGTATTCACTTTTTTATAAACTTGATGTAGTACCAATTAATGAAAGTCAAGGTAATAATAGTGATGAGTATAGATTAATAAATTGT","KT022370","TGCTCTTTCAATATGACCACAGAGCTAAGGGATAAGACAAAGCAGGTATATTCACTTTTTTATAGACTTGATGTAGTACCAATTCAAGATAATAGTAGTGATGAATATAGATTAATAAATTGT",2
"19","KT022372","TGTGATACAGCAGGCCTGTTTAATAGCACTTGGAGTCACAATGACAGCATACAGGGGACAAATAGCGCAGAGTCAAATGAAACTATAACTCTCCCATGC","KT022370","TGTAATACATCAGGCCTGTTTAATAGAGCTTACACTAACAGCACTTACAATAACAGCACGCAGGACAATGACAATAACAGCACGCAGGACAATGCAACTATAACTCTCCCATGC",4
"20","KT022372","AAGAACAATACAGAGGAAGTCTTCAGACCT","KT022370","AAGAGTAACAGTACGGAGGGGGAAATCTTCAGACCT",5
"21","KY658694","TGCTCTTTCAATATCACCACAGAGCTAAGGGATAAGAAACAGAAAAGATATTCACTTTTTTATAGACTTGATGTAGTACAAATCAATAATAACTATAGTGAGTATAGATTAATAAATTGT","KU921712","TGCTCTTTCAATGTGACTACAGAGATAAGGGATAAGAAAAAGAAGGAATATTCACTTTTTTATAAACTTGATGTAGTACCAATTAGTAGTACTAATAGTAATAGTAGTAGTGGTGAGTATAGATTAATAAATTGT",2
"22","KY658694","TGTGATACATCAAACCTGTTTAATAACACTTGGAATTACACTAGCAAAAACATGACTAATGAGA?ATCCCCAAATATAACTCTCCCATGC","KU921712","TGTAATACATCAAAGCTGTCTAACAGCACATTTCCACTTAATAACACTCAGAATAACAGCACGCAGACAAACAGTACTATAACTCTCCCATGC",4
"23","KY658694","ACGGGTAACAATACAAGTGAAACCTTCAGACCT","KU921712","AATGATAATAATAATGATACCAATGGAAATGAAACCTTCAGACCT",5
"24","KJ158436","TGTAGCAATGCCAAAGTCCCAAATCCATCCCGCGCGCACGCAGCCCACAGTGAGAACAGGGAAGAAATAAAAAAT","FJ866121","TGTGGCCATAATGTCACAATCCATAATAATGTCACAATCCATAATAATGTCACAATCCATAATAACACAGCCACTAATAGCACGAGTGCCACATCCCCCTCGATCAGGGAAGAAGTAAGAAAC",1
"25","KJ158436","TGCTCTTTCAATATAACCACAGAACTAAGGGATAAAAAACAGAGGGTACATGCACTTTTTTATAGACTTGATGTAGTACCAATTGGTAGTGATAAACAAAAGTTATATAGTAGCTATAGTTTTAAATATAGATTAATAAATTGT","FJ866121","TGCTCTTTCAATGTAACCACAGAAATAAGGGATAAGACAAAGAAGGTATATTCATTGTTTTATAGACTTGATTTAGTACAAATTAATGAAAAACAAAGTAATAGTAGTGAGTATATATTAATAAATTGT",2
"26","KJ158436","TGTAATACATCAGCCCTGTTTAATTGGGCCTCTTTGAATAATGGCACTTGGAAGTTAAGTTCAAGCAGGAGTTCAAATGGACACATAATTCTCCCATGC","FJ866121","TGTAACACATCAAAACTGTTTAATAGTACTTGGCATTACAATAACAGCACTGGGTATAATAATGGCAGCCTACAGGAGGAAAATAACACAGAGATAGTTCTCCTATGC",4
"27","KJ158436","AATGGTGGTGATAATAATGAGACCTTCAGACCT","FJ866121","GTTAATACTACTAATGAAACCTTCAGACCT",5
"28","FJ623478","TGTACCAATGTCAATGTCACTAGCAATGTCACTAGCAGCAATGCCACTACCGAAGGAAATGGGGAAGAAATGAAAAAC","AF457053","TGTAACAATACCAATGTCAATGTCAATAACACGATTGACAACAGCACGGACAGGGGGGAAATGAAAAAC",1
"29","FJ623478","TGCTCTTTCAATGTGACCACAGAACTAAGGGATAAGAGACAGAAAGTATATTCACTCTTTTATAAGCTTGATATAGTACAAATTAATGCAAATCAGGGTAATAGTAGTGACTATAGATTAATAAATTGT","AF457053","TGCTCTTTCAAAGTGACCACAGAGCTAAGGGATAAGGAACAGAAGGTACATTCACTTTTTTATAGACTTGACTTAGTACAATTGGATAATACAACGCCAGAAAATAGTAGTAACAAGGAGTATAGATTAATAAATTGT",2
"30","FJ623478","TGTACCAGACCTAACAACAACACAAGAAGAAGTGTGTCTATAGGACCAGGACAAGCATTCTATGCAATGGGTGACGTAATAGGGGATATAAGAAAAGCATATTGT","AF457053","TGTACCAGACCTAACAACAATACAAGAAGGAGTATAACTATGGGACCAGGAAAAGCATTCTATACAAATGACATCATAGGAAATATAAGACAAGCATATTGT",3
"31","KU921752","TGTAGCAATGTCACTGTCACCAATAGCACTGGCAGTGGCACCAATGGCACTTTCGATAGAAATTACACCAATGAAATGGGGGAAGAAATAAAAAAC","KU921776","TGTAGCCACCGTGTAAACATTGTAAACACCACCACTGTAAACACCCCCGCTGTAAACACCACCACTGTAAACACCACAGTGGACCCGGAAGAACTAAAAAACCTAAAAAAC",1
"32","KU921752","TGCTCTTTCAATATAACCACAGAGATAAGGGATAGACAGCGGAAAATACATTCACTCTTTTATAGAATTGATATAGTACCAATTAATGAAAAAGGAAAAGACAATAATAGTAGTGAGTATAGATTAATAAATTGT","KU921776","TGCTCTTTCAATATGACCACAGAACTAAGAGATAAGAAACAGCAAGTATATTCACTTTTTTATAGACTAGATGTAGTACCAATTAATGGAAATGATAATAGTAGTGAGGAGTATAGATTAATAAATTGT",2
"33","KU921752","TGTAACACATCAGGCCTGTTTAATAGCACTTGGAATGACACCAGCAATGGGAATGACACCAACATATCAAATAGCACGGAGAAGAATGAGAATATAACTCTCCAATGC","KU921776","TGTAATACATCAGGCCTATTTAATAGCAGTTGGAATAATAGCAGTTGGAGTGATAACAGTTGGAGTAACAATAGCAGTAAGGAGTCAAATGACACCACCATAATTCTCAAATGC",4
"34","KU921752","AAGGAGGAAAACGAAAGTGAAACCTTCAGACCT","KU921776","GATGAGACCAGTAATGAAACTTTCAGACCT",5
"35","FJ623483","TGTAGCAGTGTCACTAACACCAGTAATACTGTCAATAGCACAGGTGGTAGGAAAGTGGACCAGGAAGAAATGAAAAACTTAAAAAAC","KT022374","TGTACAAATGCAGGAAATGATACTAATACCAATACTACCATAAATGATGACATGCGTGGAGAACTAAAAAAC",1
"36","FJ623483","TGCTCTTTCAATATAACTACAGAGCTAAGGGATAAGAAACAGAAAGTATATTCACTTTTTTATAGACTTGATATAGTACCAATTAATGGAGATAATAGTAGTAATAGTAGTTATAGATTAATAAATTGT","KT022374","TGCTCTTTTAATGTGACCACAGAAATAAGGGATAAAAAACAGAAAGTACATGCACTTTTTTATAAACTTGATGTAGTACAAATAGATAAGGCTAATAGTAGTGATGGTAATGGTAGTGGTGACTACAGATTAATAAATTGT",2
"37","FJ623483","TGTAATACATCAAGACTGTTTAATAGCACTTGGTTCCCTAACGGCACGCAGGAGTCAAATAGCACAAGTGACAATATAACTCTTCCATGC","KT022374","TGTAATACAACAAAGCTGTTCAATAGCTCTTGGTCTGCCAATGCCAGTGAGTCAAATAGTACAGATGGCAATAGTACAGATGGCACTATAACTCTCCCATGC",4
"38","FJ623483","AATAACAGTACAGAGGAAATCTTCAGACCT","KT022374","AATGTGAGCAGGGAAAATGAAACCTTCAGACCT",5
"39","KT152840","TGTAGCAATGTCAAT?ATAGGACTAACATCAC?GGGTGGGACAGGGAAGAAATAAAA?AC","KT152843","TGTAGCAATGTTAATAATACAAACATCACGGGGTGGGGCAGGGAAGAAATAAAAAAC",1
"40","KT152840","TGCTCTTTCAATATGACCACAGAGCTAA?GGATAAGAGACAGAAGGTATATTCACTTTTTTATAGACTAGATGTAGTACCAAT?AATGAAGGGCAAAGTAATAGTA?TAATAGTAGTTACAAGGAGTATAGATTAATAAATTGT","KT152843","TGCTCTTTCAATATGACCACAGAACTAAGGGATAAAAGACAGAGGGTATATTCACTTTTTTATAGACTTGATGTAGTACCAATTAATGAAGGTCATGGTAATAGTAATAGTAGTTATAAGGAGTATAGATTAATAAATTGT",2
"41","KT152840","TGTAATACATCAGGCCTGTTTAATAGCACTTGGGAGCAAAATGCC?CCATGCAGGAGTCAAATAGCACAGAGTCAAATG?CACTATAACT?TCCCATGC","KT152843","TGTAATACATCAGCCCTGTTTAATGGCACTTGGAAAAATGCCAGCATGCAGGAGTCAAATAGCACAGAGTCAAATGACACTATAACTCTCCCATGC",4
"42","KT152840","AACAGTACAGAAGAAACCTTCAGACCT","KT152843","AATAGTAGCAGTACAGATGAAATCTTCAGGCCT",5
"43","KT152846","TGTGAAACTGTCAGCTGCTCTAATTGTAGTGTCAGGGATGAAATAAAAAAC","KT152839","TGTGTCACTGTCAATAACACGAACAGCAATGTCAATAAAACAAACAGCATGGAGTGGGATGCAGGGTTGGAGAAGGAAGAAGAGAAGGAAGAAATAAAAAAC",1
"44","KT152846","TGCTCTTTCAATGCAACCACAGAATTAAGGGATAAAACACAGAAGGTACATTCACTTTTTTATAAACTTGATATAGTACCAATTGATCAAGGTAATAGTAGTAATAGTAGTTATAGATTAATAAATTGT","KT152839","TGCTCTTTCAATATGACCACAGAACTAATAGATAAGAAGCAGAAGGTACATTCACTTTTTTATAGACTTGATGTAGTACCAATTAATAAAGGTCAAAATAATAGTAATAATAGTAGTTATGAGGAGTATAGATTAATAAATTGT",2
"45","KT152846","TGTAATACATCAAACCTGTTTAATAGCACTTGGACGAAAAATGACAGCATGCAGGGGTTAAATCACACGGAGTCAAATGACAATATAACTCTCCCATGC","KT152839","TGTAATACATCGGGCCTGTTTAATAGCACTTGGACTG?TAATAACACTTGGAATGCCAGCTGGCCTGAGTCAAATGACACTATAATTCTCCCATGC",4
"46","KT152846","AATAACAACAGTGCAGAGGAAACCTTCAGACCT","KT152839","GATAG?AACA?TACCA?C?ATACAGAAACCTTCAGACCT",5
"47","KU921759","TGTACTAACACAAACATCACTAACAACAGTACCAGTAACATCACGGACAGTGGAGAAATGAAAAAT","FJ623476","TGTACTAATGTCACTGACAAGAGTGGCAATGTCACTGTCAATGGCACGGATGAAATGAAAAAC",1
"48","KU921759","TGCAGTACAAAAGGCCTGTTTAATAGCACTTGGAATGCTAATGGCACCAGGAATGACTTAGGGAGCTCGGAATCAGATGGCACTATAACTCTCCAGTGC","FJ623476","TGTAATACATCAGGCTTGTTTAATAGCACTTGGAATATCACTGACAATCTCAACATAACTCAGTCAAATGAGAACATAACTCTCCCATGC",4
"49","KU921759","AACAATAGTACAAGTGAAACTGAAACCTTTAGACCT","FJ623476","AACAATAACAGTACAAATGAAACCTTCAGGCCT",5
"50","AF457075","TGTAGTGATGTCACAACAAACAATGTCACAACAAATGTCACAGAGGGCGGGGAGGACATGAGAAAC","KP109490","TGTAACAATATCAATGCCACGAGCAGCAATGCCACAGTCCCGGGCAATGACACAGCTAATAACAAGGAAGAAATAACAAAC",1
"51","AF457075","TGCTCTTTCAATATGACTACAGAATTAAGGGATAAACAGAAGAAGGTATATTCACTTTTTTATAGACTTGATGTAGTACAAATTAATGGAAGTCAAAGTAATAGTAATTACAGTGAGTATAGACTAATAAATTGT","KP109490","TGCTCTTTCAATATGACTACAGAAGTAAGGGATAAGAAAAAGCAAGTACATTCACTTTTTTATAAACTTGATGTAGTACAAATAGGAAATAGTAATAGTAGCGAGTATAGATTAATAAATTGT",2
"52","AF457075","GATAATAATAATAGTACAAATGAAACATTCAGACCT","KP109490","GAGGAGGACAATAGTACTGAAACCTTCAGACCT",5
"53","JX508880","TGTAGCAATGTCAATGTCACTAGAGACATGGAAAAAGGGGAAATAAAAAAC","JX508878","TGTAGCAATGTCAATGTCACTGGGAACTTGGGAAAAGGGGAAGTCACTGGAGGCTTGGAAAAAGGGGAAATAAAAAAC",1
"54","JX508880","TGCTCTTTCAATATAACCACAGCAATAAGGGATAAAAGACAAAAAGCATATTCACTTTTTTATAGACTTGATATAGTACAAATTAATGAGAGTAAGAGTAATAATGATAGTGATAGTGATATGTATAGATTAATAAATTGT","JX508878","TGCTCTTTCAATATAACCACAGCAATAAGGGATAAAAAACAAAGAGTATATTCACTTTTTTATAGACTTGATATAGTACAAATTAATGAGAGTAAGAGTAATAATGATAGTGATACGTATAGATTAATAAATTGT",2
"55","JX508880","TGTAATACATCAAGCCTGTTTAATGGCACTTGGAATAACAGCACGCAGGAGTCAAATACTACTATGTCAAATACTACTATGTCAAATGACACTATAACTCTCCCATGC","JX508878","TGTAATACATCAAGCCTGTTTAATGGCACTTGGGATAACAGCACGCAGGAGTCAAATGATACTATGTCAAATATAACTCTCCCATGC",4
"56","HM215347","TGTAGCAATGTCAATGGCACGAACAGTGCCAATGGCACGGACAATGTCAATGTCACAGGCAGTGAAGAAATGAAAAAT","FJ623477","TGTAGCAAGGTCAATGGCAAGGTCAATGTCACGAACCATGACAATGCCACTGAAGAAATGAGAAAC",1
"57","HM215347","TGCTCTTTCAATATGACCACAGAGCTAAGGGATAAGAGAAAGAGGGTCTATTCACTATTTTATAGACTTGATATAGTAAAAATTGATGATAATAGTAGTAACCATGAGTATAGATTAATAAATTGT","FJ623477","TGCTCTTACAGTGTAACCACAGAAATAAGGGATAAGAAAAAGAAGGTATATTCACTTTTTTATAGACTTGATATAGTACAAATTAATGAGAATCAAGGTAACAGTAGTCAAGGTAATAGTAGTAACAATGCCTATAGATTAATAAATTGT",2
"58","HM215347","AATAACAACAATTCAAATGAGACCTTCAGACCT","FJ623477","ATTAATAACACAAATGAAACCTTCAGACCT",5
"59","HQ540689","TGTAGCGAGCCTAAATTTAACAACACAAACTTTAACAGTACAGGAAGTAACAGCACAGGAATCCAGGAAGAAATGAGAAAT","KT022383","TGTAGCAATGCCACGTTCACAAATGCCAATGTCACAAATGCCACCGAAGAAATAAAAAAC",1
"60","HQ540689","TGCTCTTTTAATATGACCACAGAGCTAAAGGATAAGAAAAAGGAAGTATATTCACTTTTCTATAGACTTGATATAGTACAAATAGATAGTAAAAAAGGAAATAGTAGTGATTATAGATTAATAAATTGT","KT022383","TGCTCTTTTAGTATGACCACAGAGCTAAAGGATAAGAAACAGAAAGTATATTCACTTTTCTATAGACTTGATGTAGTAAAAATTAATGATAAGGATGCTAGTATTGGGTATAGATTAATAAATTGT",2
"61","HQ540689","TGTAATACAACAAACCTGTTTAATAGTAGCATTCCCTTCAACGCCAGCGAGAGGGCAAATAACACCAATAGCACAGATGACATTATAACTCTCCAATGC","KT022383","TGTAATACATCAGGCCTGTTTAATAGCACTTGGAACAGCCCTTGGAATAACACTGGGGAACAAGAAGGCAATATAACTCTCCCATGC",4
"62","HQ540689","AGTAAAAATATTACTGAGGGCAATAGAACTGAAACCTTTAGACCT","KT022383","AACACTAACAGTAGTACTGAAACCTTCAGACCT",5
"63","FJ623485","TGTACAACTGCCAACATCAATGCCACTGCTAACAGCACGATCAAGGAAGAAATAAAAAAC","HM215271","TGTACCGATGTCAATGTCACCAACACCAATGTCACCAACACCAATGGCACCAGCACCAGCAGCTCCAAGGTCACCATCAACGACAGGGAAGAAATAAAAAAC",1
"64","FJ623485","TGCTCTTTCAGTGTAACCACAGAGCTAAAAGATAAGAAACGGAAGGTATATTCACTTTTTTATAAACTTGATATAGTAGAACTTAATGAAAATCAAGGTAAGAGTAGTGATAATAGTAGCAAGGAGTATAGATTAATAAATTGT","HM215271","TGCTCTTTCAATGTAACCACAGAATTAAGGGATAAGGAAAAGAAAGTATATTCACTTTTTTATAAGCTTGATGTAGTAAAAATAGATAAGAATAAGAGTGACTATATATTAATAAATTGT",2
"65","FJ623485","TGTAATACATCAGGCCTGTTTAATAGCACTTGGTATCACAATAGCACTTGGAATGATCAAACTGACGAGAGGTCAAATGACACTATAACTCTCCAATGC","HM215271","TGTAATACAGCAGGTCTGTTCAATAGAAATTGGACTTGGAGTAAGGAGAATGGGACCAGAATGCAGAATAAAACGGATTCAAATGGCACTATAACTCTCCAATGC",4
"66","FJ623485","GAGGATAGCAATACAACAACTGAAACCTTCAGACCT","HM215271","GATAACAAAAACAATAGTACCAATAGTACCAATCAAAATAACACTGAAATCTTTAGACCT",5
"67","AF457080","TGTGTCACTTACAATGGCACAAATGCCACAGGGAGAGTGGACAACAGCACAATGAGGGAAGAAGTAAAAAAC","HQ615970","TGTAACGATGTTAACACGACCAATAACACAACCAATCACACCACTGTCGCCCCGGACATGGTAGAAGAAAGAAAAAAT",1
"68","AF457080","TGCACTTTCAATGTGACCACAGAGATTAGGGATAAGAGAAAGAAGGAACATTCACTTTTTTATAGAGTTGATTTAGTACAAATTGATGAAATGCAAGGTAATAATAGTGACAGTAAATATAGACTAATAAATTGT","HQ615970","TGCTCTTTCAATATGACCACAGAACTAAGGGATAAGAAACAAAAAGTATATTCAATTTTTTATAGGCTTGATATAGTACCACTTAATGAGAGTCAAGTTAATAGTAGTGAGTATAGATTAATAAATTGT",2
"69","AF457080","TGTAATACATCGGGCCTGTTTAATAGCACCTACAATGGCACTGACATCGCTGAAAATAGCACGGAGTCAAATGACACTATAGTTCTCCCATGC","HQ615970","TGTAATACATCAAGCCTGTTTAATAGTACTTGGAATTGGAATCACACAAACAGCTTGCAGGATTCAAATAGCACAGAGACAAATGGCACTATAATTCTCAAATGC",4
"70","AF457080","GATGATAATGAAACTGAAACCTTTAGACCT","HQ615970","AATAAGACCAGTACAACAGAGACCTTCAGACCT",5
"71","FJ623484","TGTACTAATGTTAACATCACGGGAAACAGTAACATCACGGGAATTAAGGAAGAAATGAAAAAC","FJ623481","TGTACTAATATCATGGGAAACAGTAACAGCACGGGAAACAGTAGCAACACGAAAATTGAAGAAATAGAAATGAAAAAC",1
"72","FJ623484","TGCTCTTTCAATGTGACCACAGAACTAAGGGACAAGAGAAGAAAAGAATATTCACTTTTTTATAAAATTGATATAGTACCACTTGATAAAGAAAATAATAATAGTACAAATAGTAATAGTAGTAGTAAGTATAGTGAGTATAGATTAATAAACTGT","FJ623481","TGCTCTTTCAATGTGACCACAGAATTAAGGGACAAAAGAAGAAAAGAATATTCACTTTTTTATAAAATTGATATAGTACCACTTGATAAAAAAAGTAATAATAATAATAGTAGTAGTAGTAATAGTAGTAGTGAGTATAGATTAATAAACTGT",2
"73","FJ623484","AATAGCACGAACAGCACAGAAATCTTCAGACCG","FJ623481","AATAGCAAGAACAGCACAACAGAAATCTTCAGACCT",5
"74","AF457066","TGTACAGATGTTACTAATGTTACAGATGTTAGTGGTACGAGGGGCAACATCACCATCATGAAAGAGATGGAGGGAGAAATAAAAAAC","KU921745","TGTACAAATGCCACTGTCATGAAGGCCAATGCCATGAATGGCACCAGCTGGGAGGAAATGAAAAAC",1
"75","AF457066","TGTTCTTTCAATATGACCACAGAAATAAGGGATAAGAAACAGAAAGTATATTCACTCTTTTATAGACTTGATGTAGTACCAATAAATCAGGGTAATAGTAGTAGTAAAAACAGTAGTGAGTATAGATTAATAAGTTGT","KU921745","TGCACTTACAATATGACCACAGAACTAAGGGATAAGAAAAAGCAAGCATATTCACTTTTTTATAAACTTGATGTAGAACCAATAGATCAGGGCAATAGTAGTAACAAAATTAATAGTAGCAAAGAGTATAGACTAATAAATTGT",2
"76","AF457066","TGTAATACATCAGGTCTGTTCAATAGCACCTGGAATACCAGCATGTCAGGGTCAAGTAACACGGAGACAAATGACACTATAACTCTCCAATGC","KU921745","TGTAACACATCAGGTCTGTTCAACAGCACTTGGGATATTACCACCATACAGGAAAACATCACGGAGATCACGGAGTCAAATGACACAATAACTCTCCAATGC",4
"77","AF457066","GAGGAGAAGAACAGTACAAATGAAATCTTCAGACCT","KU921745","GATAGTAATAGTACTAAGGAAATCTTCAGACCT",5
"78","JF683767","TGTACAAATGTCAGAAATGTCACAGGAAATAGCACGGGTAGCAGCTTCACGGGGGGGCCTGAAGAACTAAAAACGGGGGGGCCTGAAGAACTAAAAAAC","AY713406","TGTAGCGATGCCATTGGCAACTTTACAAATATCAAGGAAGAAATAACAAAC",1
"79","JF683767","TGCTCTTTCAATATGACCACAGTACTAAGGGATAAGAAACAGAAAGTATATTCACTTTTTTATAGACTTGATATAGTACAAATAGATAAGGATAATAATAGTTCTGGTAATAATAGTTATAATGAATACAGATTAATAAATTGT","AY713406","TGCTCTTTCAATGTGACCACAGAACTAAGGGATAAGACAAAGAAAGTACATTCACTTTTTTATAGACTTGATATAGTACCACTTAATGAATATAGTAGTAGCAATAAAAGTAGTAACAATAATAATAGTAGCCAGGAATATGTATTAATAAATTGT",2
"80","JF683767","TGTACCAGACCTAATAACAATACAAGAAAAATTGTACGTATAGGACCAGGAGGACCAGGACAAGCATTCTATACAAATGACATAATAGGGGATATAAGACGAGCATATTGT","AY713406","TGTACCAGACCTTATAACAATACATTCAGAAGGGTACGTATAGGACCAGGACAATCATTCCATGCATCAGATAACATAGTAGGGGATATAAGAAAAGCACATTGT",3
"81","JF683767","TGTAATACATCAGGTCTGTTCAATAGCTCTTGGAATATCAATGGCAGCAGGTCAAATAGCACAAGGTCAAATGGCAATATAACTCTCCCATGC","AY713406","TGTAATACATCAAGCCTGTTTAATAGCACTTGGAATAACACTGCCAGCATGCAGAAGTCAAATAGCACGGGGTCAAATGACACTATAACTCTCCAATGC",4
"82","JF683767","GGTAACAATACAAATGAAACTGAAATTTTCAGACCT","AY713406","AATGATAGCAGTCCAGATGAAATCTTCAGACCT",5
"83","EU853030","TGCTCTTTCAATATGACCACAGAACTAAGGGATAAGAAACAAAGAGTATATTCACTTTTTTATAGACTTGATATAGTAAAAATTAATGAAAGTGAGAGTGACAGTAGTAATAGTAGTGAGTATAGATTAATAAATTGT","EU853038","TGCTCTTTCAATATGACCACGGAACTAAGGGATAAGAAACAAAAAGTATATTCACTTTTTTATAGACTTGATATAGTAAAAATTAATGAGAGTGACAGTAGTAATAGTAGTGAGTATAGATTAATAAATTGT",2
"84","EU853030","TGTAATACATCAGGCCTGTTTAATAGCACTTGGAATAACACTGTCAGCACGGAGTTAAATAGCAAGGAGGCAAATAACAATATAACTCTCCCATGC","EU853038","TGTAATACATCAGACCTGTTTAATAGCACTTGGAATAACACTGTCAGCACGGAGTCAAATAACACTATAACTCTCCCATGC",4
"85","AF407160","TGTAACAATGTCACCAATAATGGCACCAGTGACATGAGAGAAGAAATAAAAAAC","EU110094","TGTGAAAATGTTAATAAGAGTGTCAACATCACGGGGAGTGGGGAAGAAATAAAAAAC",1
"86","AF407160","TGCTCTTTCAATATGACCACAGAACTAAGGGATAAGAGACAGAAAGTATATTCACTTTTTTATAAACTTGATATAGTACAAATTAATGAAGATCAGGGTAATAGTAGTAACAATAAGTATAGATTAATAACTTGT","EU110094","TGCTCTTTCAATATGACCACAGAACTAAAGGATAAGAGACAGCAAGTATATTCACTTTTTTATAGACCAGATATAGTAGAAATTAATGAAAATCAGAGCAAGGATAATAACAAGTATAGATTAATAAATTGT",2
"87","AF407160","TGCAATACAACAAACCTGTTTAATAGCACTTGGAATCACACTGCCAGCATGAATAGCACAGAGTCAAATGACACTATAATTCTCCCATGC","EU110094","TGTAATACATCAGGCCTGTTTAGTAGCACTTGGAGTTGGAATGACACTACCAAAACAATGGAATCAAATAGCACGGTGTCAGATGGCACTATAAATCTCCCATGC",4
"88","EU110088","TGTAGTGACTATAATGGCACCAGTTATGTCAACAGTACTAGTAGTAAACATAATGCCACCAGTAATGGGACACACTCCTACAATATCTCCGCAGAAATGCTAGGAGAAATAAAAAAC","AF457079","TGTCACAACATATCCCTCACGAATACCACTGGTAATATCACCAATGACATGGGAGAAGAAATAAAAAAC",1
"89","EU110088","TGCTCTTACAA?ATGACCACAGAACTAAGGGATAAGACAAAGAAAGTATATTCACTTTTTTATAGACCTGATATAGTACCACTTAATGGTAATAGTAGTAGTAATAAGTATACATTAATAAATTGT","AF457079","TGCTCTTTCAATATGACCACAGAATTAAGGGATAAGAGCCAGGAAGTACATTCACTTTTTTATAAACTGGATGTAGTACCTATGAAAGACAGGCAGTATAGATTAATAAATTGT",2
"90","EU110088","TGTACCAGACCTAACAACAATACAAGAAAAAGTGTACGCATAGGACCAGGCCAAGCATTCTATGCAACAGGTGACATAATAGGGGATATAAGACAAGCACATTGT","AF457079","TGTACCAGACCTAGCAACAATACAAGAAAAAGTGTACGTATAGGACCAGGCCAAGTATTCTATGCAACAGACATAATAGGGAACATAAGACAAGCACATTGT",3
"91","EU110088","AGTGATAATACAACTGAAACCTTCAGACCT","AF457079","AATACTAACAATACAGAGGAAACCTTCAGACCT",5
"92","AY322193","TGTAGCTATAATGTCACTACCAATGTCTCCAATGACATGCAAGGAGAAATAAAAAAC","AF407151","TGCTATGATGTCACTAATTTCACCAATGACATGCAAGAAGGAATAAAAAAC",1
"93","AY322193","TGCTCTTTCAATGTGACCACAGTATTAAGGGATAGGAAACAGCAAGTATATTCACTTTTTTATAGACTTGATGTAGTACCAATGAGTAATGATAGTCAGTACAGATTAATAAATTGT","AF407151","TGCTCTTTCAATATAACCACAGAACTAAGGGATAAGAAACAGAAAGTACATTCACTTTTTTATAGGCTTGATGTAGTACAAATTGGGGATAATAGTAGTAGTGGTCAGTATAGATTGATAAATTGT",2
"94","AY322193","TGTAACACATCAAGCCTATTTAATGGCACTTGGACGGGCAATGACAGCAGGCAGGAGTCAAATAGCAGCGACACTATAACTCTTCCATGC","AF407151","TGTAACACATCAGGCCTGTTTAACAGAGCTTATGGCAATGTCAGCAAGCAAGAGCCAAATAGCTCCGGCAATATAACACTCCAATGC",4
"95","AY322193","AGTCCGGATAATGAAACCTTCAGACCT","AF407151","AAAGATAGTAATATAACTGAAACATTCAGACCT",5
"96","KX168070","TGCCATAATGTCACCTATAATATCACCAGTGACATGAATAAAGAAATAACAAAT","KX168085","TGCCATAATGTCACCTATAATAATATCACCAGTGACATGAAGGAAGAAATAACAAAC",1
"97","KX168070","TGTAACACATCAGGCCTGTTTAATAGCACTTGGGAGTTTAATAGCACTTGGGAGTCTAATAGCACTAGGAATGACTATGATTCAAATAGCACAGAGAATATAACTCTCCAATGC","KX168085","TGTAACACATCAGGCCTGTTTAATAGCACTTGGGAGTCTAATAGCACTTGGAATAATTCAAATAGCACAGAGAATATAACTCTCCAATGC",4
"98","FJ670519","TGTACTGAGGCCTACAATGACACCGATGTCAACAGGACCATAGCCCAGGGCATGGAAAAAGAAATACAAAAC","KX228815","TGTACTCATGGAAAAGAAATACAAAAC",1
"99","FJ670519","TGCTCTTTCAATATGACAACAGAATTAACGGACAGGCAACAGAAAGTACATTCACTTTTTTATAGCCTTGATCTAGCACAAATGGGTAATAGTAGTTATAAGGGGCAAATACAAACGAGCAATAATAACCTGAGTGTTACCTATCATACCTATAGATTAATACATTGT","KX228815","TGCTCTTTCAATATGACAACAGAATTAATGGACAGGAAACAGAAAGTACATTCACTTTTTTATAGCCTTGATATAGTACCACTTAATAACTCTAGTGAGTATAGATTAATACATTGT",2
"100","FJ670519","TGCAACACAACAGGCCTGTTTGACGGCACCTGGAATGGCACCAAGTCAAATATCACTTGGGAAAGCATTAACGACACTATAACTCTCCCATGC","KX228815","TGCAACACAACAGGCCTGTTTAATGGCACTTGGAATAACGACACTATAACTCTCCCATGC",4
"101","KT022380","TGTAGCCATAATGTCACTGTCATAAATGGCACAAGTGGTGCCAATACCACAAGTGCCCCAATTGTCAAAGAAGAAATGAAAAAC","FJ623479","TGTACAAATGCAAATGCCACCGGTAATGCCACTGTCGACAAAAATATGGAAGGAGAAATAAAAAAC",1
"102","KT022380","TGCTCTTTCAATACTACCACAGAAATATGGGATAAGAGAAGGAAGGAATATTCACTTTTTTATAAACTTGATATAGTACAAATTAATGGTAATGACAGTAGTGAGTATAGATTAATAAATTGC","FJ623479","TGCTCTTACAATATGACCACAGAAGTAAGGGATAAGCAAAAGAAAGTATATTCACTTTTTTATAGACTTGATATAGTACAAATTAGCAAGCAAAGTAGTAATGATAGTAGTAAATATAGATTAATAAATTGT",2
"103","KT022380","TGTAATACATCAGGCTTGTTTAATAGGACTTGGAAAAAGGGGATAATCAAGGGCACTGCCAATAACACGGAGTCAGACCCTATAGTGCTCCAATGC","FJ623479","TGTAATACATCAGACCTGTTTAATGGTACTTGGAATAATAGCACTTTGAATGGCACTGCCAAGCAGGAGGTAAATGACAGCACTATAACGATCTCATGC",4
"104","KX907341","TGTACAGACTATAAGGGTAACTATACAAATTATGATGGCACTGGCCACAATATCACCAGTGATATGGAAGGAGAAATAAAAGAC","HM215255","TGTACAGACTATAAGGGTAACTATACAAATTATGGCACTGGCCACAATATCACCAGTGATATGGAAGGAGAAATAAAAGAC",1
"105","KX907341","TGTTCTTTCAATGTAACCACAGAATTAAGGGATAAGAGACAGAAAGTACATTCACTTTTTTATAGACTTGATATAGTACAAATTAATAGTAGTCAAACTAATAGTAGTGAGTATAGATTAATAAATTGT","HM215255","TGTTCTTTCAATGTAACCACAGAATTAAGGGATAAGAGACAGAAAGTACATTCACTTTTTTATAGACTTGATATAGTACAAATTAATAATAGTGAGTATAGATTAATAAATTGT",2
"106","KX907389","TGTAGCACTGTCAATAATAGCACCAGTATCAATAGCACTCTCTATGAAGACATGAAAGGAGAACTAAAAAAC","AF457065","TGTAGTAACTTTAGTGTCACTAATAATAGCACCAATAATAGCACCAATACTACCATCATTGACAGTAACATGGAAGGAGAAATAAAAAAC",1
"107","KX907389","TGCTCTTTCAATATGACCACAGAACTAAGGGATAAGAAACAGAAAGTATATTCACTTTTTTATAAGATTGATGTAGTACCAATTAATCAAAATAGTGGTAATAGTAGTAGTGATCAGTATAGGTTAATAAATTGT","AF457065","TGCTCTTACAATGTGACCACAGTAATAAGGGATGAGAAACAGAAAGTATACTCGCTTTTTTATAGAACTGATGTAGTAGAAATTGAGAATAATAGTAGTCAGTATAGATTAATAAATTGT",2
"108","KX907389","TGTAACACATCAATCCTGTTTAATAGCACTTGGAATAGCACTAGCACTTGGAATATCTCTGAGAGTGTAAATAGCAGCAGTCAGGAGTCAAATGACACTATAACTCTCCAATGC","AF457065","TGCAACACATCAGGCCTGTTTAATAGCACTTGGGATGATAACATTAAGAATGATACTAACAGCACACAGGGGTCAAATAGCACGGAGATAATTCTCCCATGC",4
"109","HM204620","TGTAAGAAGATCAATATCACTAATACCACTGGCAATAATGTCACTGCCAATAATGACACTATCCTTGCCAGAGAAGAAATGAGAAAC","HQ659593","TGTAACGATAATGTCTCCAGAAATGGCTCCAATGTCACCAATGGAATGGTAGGAGAGATAAAAAAC",1
"110","HM204620","TGCTCTTACAATATGACCACAGAACTAAGGGATAAGAAACAGAAAGTACATTCACTTTTTTATAGACTTGATATAGTAGAAATTAATAATAATAATAATGGGAGTAGTAATAATAATAGTGATAATGATAGTAGGCCTTATAGATTAATAAATTGT","HQ659593","TGCTCTTACAATGTGACCACAGTAATAAGGGATAAGAAACAGAAAGTATCTTCACTTTTTTATAAACTTGATGTAGTACAACTTGACAAGAATAGTAGTCAGTATTATAGATTAATAAATTGT",2
"111","HM204620","TGTACCAGACCTAACAACAATACAAGACAAAGTGTACGTATAGGACCAGGACAAGCATTCTATACAACAGAAATAATAGGGGATATAAGACGAGCATATTGT","HQ659593","TGTATCAGACCTAACAACAATACAAGACAAAGTGTACATATAGGACCAGGACAAGCATTCTATGCAACAGGTGACATAATAGGGGATATAAGGCAGGCACATTGT",3
"112","HM204620","TGCAACACATCAGGATTGTTTAATAGCAGATGGGAAAATGACACGCAACCAAATAACACGCAGCCAAACGGCACTATAACTCTCCCATGC","HQ659593","TGCAACACATCAGAACTGTTTAATAGCATTTGGGTGAATAACACGTGGAAGTCAAATATCACGGAGTCAAACGGCCATATAACTCTCCAATGT",4
"113","HM204620","GGGAAGAATACTAGTGATAATGAAACCTTCAGACCT","HQ659593","GAGAATGGTAATAACAGTCACAATGAAACCTTCAGACCT",5
"114","KX907348","TGTAGCAACTATAATGGCACTAATGGCAATCAGAATATCACCAATGAAATGGTAGGAGAAATAAAAAAC","KX907401","TGTATTGATTATAAGCATAATGCCACCAGTAATAGCACCACTGATATTAGCAATATCACCACTGATATTAGCAATATCACCACTGATATGAAAAAC",1
"115","KX907348","TGCTCTTACAATATAACCACAGTACTAAAGGATAAGGTACAGAAAGTATATTCACTTTTTTATAGACTTGATGTAGTACAAATTGATGACAATAGTAATAATAGTCAAAATAGTAATGGTAGTGGGCAGTATAGATTAATAAATTGT","KX907401","TGCTCTTACAATATAACCACAGAACTATGGGACAAGAAAAAGAAAGAAGCTTCACTTTTTTACAGACTTGATATAGTACCAATTGGTGGAAATAATAGTAGTGAATATAGGTTAATAAATTGT",2
"116","KX907348","TGTAACACATCAGGTCTGTTTAATAGCACTTGGTATGGCAATGGCAGCAAGCTGGAGTCAAATAGCACGGGGTCAGACGACAATATAACTCTCCACTGT","KX907401","TGTAACACATCAGGCCTGTTTAATAACAATTGGGATAATAACACTAGGAATAGCACTGACAGCACAGAGTCAAATGACAATATAACTCTCCAATGT",4
"117","HQ615979","TGTCGTAACTATAATGACACCAAGGCTGCCAACCAGACTATCGCAGATGGAATGGGAGGAGAAATAAAAAAT","AF361873","TGCTCTAATGCCAACTTTACTAATGTCAACGTTAGCACCACTGACATGCAAGAAGTAAAAAAC",1
"118","HQ615979","TGCTCTTTCAATATAACCACAGAAATAAGGGATAAGAGACAGCAAGTATCTTCACTTTTTTATAAACTTGATGTAGTACAAATGGATAATAATACTGATAGTGGTCAGTATAGATTAATAAATTGT","AF361873","TGCTCTTACAATATAACCACAGAATTAAGGGATAAGAAACAGCAAGTATATTCACTCTTTTATAGACTTGATATAGTACAACTGAATGAAAATAAGAAGAGTAGTAGTCAGAATAATAGTCAATATAGATTAATAAATTGT",2
"119","HQ615979","TGTAACACAACAGCCCTGTTTAATCATAGTATCACTGCAAATAGCACAGAGTCAGATAATGGCACTATAACTCATAATGGCACTATAACTCTCCCATGT","AF361873","TGTAACACATCAGGCCTGTTTAACAGCACTTGGCATAGCAATGCCAGCATACAAGAGCCAAACAGCACAGAGTCAAATGACACTATTATAACTCTCCAATGT",4
"120","HQ615979","AATAACAGTACAGATAACAGCACAGAAATCTTCAGACCT","AF361873","AGTAATAATAGCACCAATGAAACCTTCAGACCT",5
"121","KX907346","TGTTATGATAATGTCACCAGCAATAATGGCAGTAATGCCATCAATATCACCAATAACATGCTAGGAGAAGTAACAAAC","KX907414","TGCAAGAATGTCACCAGAGATAATAGTACCAAAAATAGCACCGAAAACGAGAACACCACTCATATCATCAATGACAGGTCAATAACAAAC",1
"122","KX907346","TGCTCTTTCAATGTGACCACAGAACTAAGAGATAAGAAACAGAAAGTATCTGCACTTTTTTATAAACTTGATGTGGTACCACTTGGTGGAGGGAATAGTACTCAGTATAGACTAATAAATTGT","KX907414","TGCTCTTTTAATATGACCACAGTGCTACAGGATAAGAGGCAGCAAGTCTATTCACTTTTTTATAGGACTGATGTAGTACCAATAGAGGATAGAAAGAATGATAGTCAGTATAGATTAATAAATTGC",2
"123","KX907346","TGTAACACATCAAGCCTGTTTAATAGCACATGGAATAGCAGCACTTGGGATAACAATGCCAGCATGCAGGGGGCAAATAGCACGGAGTCAAATGACACTATAATTCTCCAATGT","KX907414","TGTAACACATCAGGCCTGTTTAATAGCACTTGGAGTAACACTACCACTTGGGAAAACATTACCGAAAGGCAGGAACCAAGCAGCAACAAGACAAACGCAACTATAACTCTCCAATGC",4
"124","KX907346","GTTAATAACAGTACAAACGAAACCTTCAGACCT","KX907414","AATAACAGTACAAATGAAACCTTCAGACCT",5
"125","FJ670523","TGTGGCCATAATGACACCCTCACTAAT?ACACTGCCCCCGTCAATAACACCATGAGAGAAGAAGTAAGAAAC","KY496622","TGTAGCCATAATGTCACCCTCAAGGGCACTAACAGCACCAATACTAGCACCCCTAATATGAAAGAAGAAGTAAGAAAC",1
"126","FJ670523","TGTAACACATCAGGCCTGTTTAATAGCACTTGGCCTAATAGCACTTGGAATGCCAATACCAGCATACAGGAGTCAAATAGCACAGACAATATAACTCTCCAATGC","KY496622","TGTAACACATCAAGCCTGTTTAATAGCACTTGGGAGACCAATAATGCCAGCATACAGGAGTCAAATAGCACAGACAATATAACCCTCCCATGC",4
"127","FJ670523","AATAATGGAACTAATAACACTGAGATCTTCAGACCT","KY496622","AAAGATAATAGTACTAATAACACTGAGATCTTCAGACCT",5
"128","JF683761","TGTAGCTACATCACTAGTAATGTCACTGCTGACATCACTAGTAATGTCACTGCTGACATGAATGATGCCATTAACATGACAGCAGAAATAAGAAAC","JF683760","TGTAGCTACAATATCACTAGTAATGTCACTGTTGACATGAATGATACCATTAACATGAGAGAAGAAATAAAAAAC",1
"129","JF683761","GGTAACAGCACAGAGGAAGTCTTCAGACCT","JF683760","GTAGGTAACAACGCAAAGGAAGTCTTCAGACCT",5
"130","JF683782","TGTGGATATAATGTCAGTATTAATAACACCTATAGCATAAATGATACCATGGAAACAGATTTAAGAAAC","JF683783","TGTAGACATAATGTCACTATACATAATAATGTCACTAATAATAATAATATCACCAGTGGCATAAATGATACCATTGCCACAGAAGTAAAAAAC",1
"131","JF683782","TGTAATACATCAAAATTGTTTAATACAACTTGGAATGCCAATGGCAGCGTACAGGAGTCAGTCAACACTGCAGGCAACACTACTATATTTCTCCCATGC","JF683783","TGTAATACATCAAAATTGTTTAATACAACTTGGAATGTCACTGACAGCATAGAAGAGTCAGGCAACACTATTATAGTCCTCCCATGC",4
"132","JF683737","TGTAGCAATGTCACCACCAATATCACCGGAGAAATGAAAGAGGAAATAAACAGC","JF683748","TGCCATAATGTCACCCATAATAATAGCACCAAGGATAATAATGACACCCATAATAATAGCACCAAGGATAATAGTACCTTGGAGGCAGAAAAAGACATAAGAAAC",1
"133","JF683737","TGCTCTTTCGACGTGACCACAGTACTAAGGGATAAAAGAAAGAAATCTTATTCCCTCTTTTATATACTTGATATACCACCTGTTAATAGTAATAGTAATAGTGATAATAAAAATAGTATGGAGTATAGATTAATAAATTGT","JF683748","TGCTCTTTCAACATAACCACAGAATTAAGGGATAAGACACAGAAAGTATATTCACTTTTTTATAGACTTGATGTAGTACCAATTAATAATGATACAAGTAGTACTCAGTATAGATTGATAAATTGT",2
"134","JF683737","TGTAACACATCAGGCCTGTTTAATAGCACGTGGAATGCTAGTGACATCACGCAGGGGTTAAATGACACAATAACTCTCCAATGC","JF683748","TGTAACACATCAGGCCTGTTTAATAGCACTTGGACTGCCAATGGTGGCAGGCTGCGGGAAGATAGTGCAAAGTCAAACAGCACTATAACTCTCCAATGT",4
"135","FJ388925","TGTAGCCATAATGTCACTAAAGTCACCAATAATGGCACTGCCACTGCTAACATAACAGGAGAAATGAAAGGAGAAATAAAAAAC","EU668982","TGTAGCCATAATGTCACTGCGAATGACACCGTTAGCATAAAAGAAGGAATGGAAGGAGAAATAAAAAAC",1
"136","FJ388925","TGCTCTTTCAATATAACCACAGAATTAAGGGATAAGACACAGAAAATATATTCACTTTTTTATAGACTTGATGTAGTAGAAATTGATAAGAATAGTAGTAATTATAGATTAATAAATTGT","EU668982","TGCTCTTTCAATGTAACCACAGAACTAAGGGATAAGACACAGAAAGTATATTCACTTTTTTATAGACCTGATGTAGAACAAATTGATAATAGTAGTAGTTATAGATTAATAAATTGT",2
"137","FJ388925","TGTAACACATCAGGCTTGTTTAATAGCACTTGGAATGCCACTGCCAGCATGCAGGAGTCAAATAGCACAGAGTCAAACGACACTACTATAACTCTCCCATGC","EU668982","TGTAACACATCAGGCCTGTTTAATAGCTCTTGGCTGAAGTCAAATAGAACAGGGCCTAGCACAGAGCCAAACAACACTGAGCCAAACAACACTATTATAACTCTCCCATGC",4
"138","KU921772","TGCAGCAATGTCACCAATAATAGCACCCCAGACATGCAAGAAGAAATAAAAAAC","MF373167","TGTAGTGACTATAATGGCACCAATATCACCGGTGACATGACAAGGGAAATAAAAAAC",1
"139","KU921772","TGTAACACATCAGGCTTGTTTAATAGCAGTTGGAATAGCACCAGCAAGGAGCTAAATAGCACCAACAGGGAGCTAAATAACATGACTGTAACTCTCCAATGT","MF373167","TGTAATACATCAGGCCTGTTTAATAGCACTTGGAATGAAACTACCATGCAGGAGTCAAATGGAACAGAGTCAAACGACAGCATAACTCTCCCATGC",4
"140","KU921772","CTTAATCCTACAGAGAACGAAACCGAAACCTTCAGACCT","MF373167","AATAGTAGTAGGGAAAATGAAACCTTCAGACCT",5
"141","KT022369","TGCTCTGATGCCAATTTCACCTCTAATAATAATGCCACCAATATCACCGCTGAGATGAAGGAAGAAATAAAAAAC","KT022360","TGTAACTACAATGTCACCAATATCACCAATGAAATGAATGGAGAAATGAGAAAC",1
"142","KT022369","TGCTCTTTCAATATGACCACAGAATTAAGGGATAAGAAACAGAAAGTATATTCACTTTTTTATAGACTGGATGTAGTACCAGTTGATGAAGTTGATGAGAATGATACGTATAGATTAATAAATTGT","KT022360","TGCTCTTACAATATGACCACAGAATTAAGGGATAAGACACAGAAAGTATATTCACTTTTTTATAAACTAGATATAGTACAAGCTAATAATAATGATAGTAGGCAGTATAGATTAATAAACTGT",2
"143","KT022369","TGTAATACATCAGGCCTGTTTAATAGCACTTGGAATTATACTAATAGCATGCAGCAGTCAAATAGCACAGAGTCAAACGAAACTATAACTCTCCAATGC","KT022360","TGTAACACATCAGGCTTGTTTAATAACACTTGGGTGTTTAATAGCATTTGGGATAATAGCACTCAGGAGTCCAATAGCACAGAGTCAAATAAAACTATAATTCTCCAATGC",4
"144","AF484478","TGTCAAAACTATGAAGGCACCAATTTAACTAATAGTAACACCACTGTCAACATCACCGAGGACATGAAAGGAGAAATAAAAAAC","HQ595767","TGTACCAATATCACCATTCGCAATAACACCAATAGCACTAACAACCATATCACCAATATCACCTCTGAAATGAAAGAAGAAATAAAAAAC",1
"145","AF484478","TGCTCTTTCAATATGACCACAGAATTAAGGGATAAGAGGCAGAAAATGCATTCGCTTTTTTATAGACTGGATATAGTACAAATTAATGGCAACAGAAGCAATAGTAGTGAACAGTATAGATTAATAAATTGT","HQ595767","TGCTCTTTCAATATGACCACAGAATTAAGGGACAAGAAACGGAAAATGTACTCACTTTTTTATAGACTGGATGTAGTACCAATTGATAACAATAATAGCAGTTATAGATTAATAAATTGT",2
"146","AF484478","TGTAACACAACAAACCTGTTTAATAACATTTGGAGTAATGCCAGCATGCAGAAGGCAAATAGCATAAACGACACTATAACTCTCCAATGC","HQ595767","TGTAACACATCAGCTCTGTTTAATGGCACTTGGGGGGACAATACCACCATGCAGGGAAATAGCACAGAGTTAAATGGAACTATAACTCTCCCATGC",4
"147","KX228810","TGTACAATGAAAAAC","KF859745","TGTACAGACCTAGACCTTAATGGCACTCAGAGTCTTAATGGCACTCAGAGGCTAAATGGCACTGAGGTAGGTATGACAAAC",1
"148","KX228810","TGTAACACATCAGGCTTGTTTAATAGCACTTGGAATAACAATAGCACTCAAGAGTCTAATAGCACGGAGACTATAACTCTCCCATGC","KF859745","TGTAACACATCAGGCTTGTTTAATAGCACTTGGAACAATAGCACTCAAGAGTCTAATAGCACGGAGACTATAACTCTCCCATGC",4
"149","KY658695","TGCTCTTTCAATATGACCACAGAATTAAGGGATAAGCAAAGGAAAGTATATTCACTTTTTTATAAACTAGATGTAGTACAAATGGGTGACAACAATAGCAGTAAGTATAGATTAATAAATTGT","KU921726","TGTTCTTTCAATATAACCACAGAATTAAGGGATAAGAAACAGAAAGTGTATTCTCTTTTTTATAGACTGGATGTAGTACCAATTGACAACAGTCAGAACAACAGTCAGAACAGTCAGTATAGATTAATAAATTGT",2
"150","KY658695","TGTAACACATCAAGTTTGTTTAAAGGCACTTGGAATAATGGCACTTGGAATGATAGCATGTCAGAGGTAAATAGCACAGAGTCAAATGACAACATAACTCTCCCATGC","KU921726","TGTAACACATCAAGCCTGTTTAATAGCACTTGGACTTGGAATGAAACTAATACTACCAGCACACAGGAGTCAGATAGTACAAGAAATATAACTCTCCAATGC",4
"151","KY658695","AATAGTAGCGGTCAGAATGAAACCTTTAGACCT","KU921726","ATTAACAATACAAATGAAACCTTCAGGCCC",5
"152","AF418562","TGTACTGATGCCACAAATGCCACTAATACCACTATCATTAGTGACATGAAAGGAGAAATAAAAAAC","HM204648","TGTACGGATGACGTCTTTTTCGTCAAAACTACCAGCAATGACACGTACAACAACACGCAACAAATGCAACAAATCAGCAATAAAATGAAAGGAGAAATAAAAAAC",1
"153","AF418562","TGCTCTTTCAATATGACCACAGAATTAAAGGATAAGACACAGAAAGTACGTTCATTTTTCTATAAGATGGATATAGTACAAATTAACAACAACAACAGCAACAGCAACAGTAGTCAGTATAGATTAATAAGTTGT","HM204648","TGCTCTTTCAATACGACCACAGTCTTAAGAGATAAGACACAGAAAATACATTCACTTTTTTATAGACTGGATGTAATACCATTTGGAAACAACAGTGTATCATCTAAAAACAGCAGTGTAGTAAAAAATACAACATTAACTACAAGTGCACCTACAGGAAACAACAATCAATCTACTAACAGCAGCCAGTATAGCCTGTATACATTAATAAATTGT",2
"154","AF418562","TGTAGCACAACAGGCCTGTTTAATAGTACTTGGAATAGCAATGCCAGCACGCAGGGGTCAAATAGCACGGGTTCAAACGACACTATAACTCTCCAATGC","HM204648","TGTAACACATCAGGCCTGTTTACTGGCACTTGGAATCAGACTAATAGTACTTGGAATAGTGGCACTTGGACTAACACTACTGGCAATATAACTCTCCAATGC",4
"155","HM215350","TGTAGCCAGTATGTCAGTAGCCATGTCAATAACCATAATAACAGTAGCCATAATGTCAGTAGCCATAGTGGCAATATCACCAGTGACATGAAAATC","JX877522","TGTAGTGATGATGTTAGGGTTAGTAACCCTAATGGTACTGCCAGCAGCTCTAATGTTAGTAACCAAAATAGTAACCAAAATGACAGTATCACCGGGGACATGAAAAAC",1
"156","HM215350","TGCTCTTTCAATACAACTACAGAAGTAAGGGATAAGAAACAGAAAGTATATTCACTTTTTTATAAGTTGGATGTAGTACCAATCAGTAATGACAGTAGTCAGTATAGATTAATAAATTGT","JX877522","TGCTCTTTCAATGCGACCACAGAATTATGGGATAAGAAACAGAAAGTATATTCACTTTTTTATAAGATGGATATAATATCAATTGAGAACAACAATAATGACAATAATACACAGTATAGATTAATAAATTGT",2
"157","HM215350","TGTAACACATCAAGCCTATTTAATAGCATTTGGAATGGCAGTAAATCAAATAACACGGAGCCAGATAGCACCATAACTCTCCAATGC","JX877522","TGTGACACATCAGAACTATTTAATAGCACTTGGAATGACGCTGCCATTATGAGGGAATTAAATAGAACGGAGTCAAACGACACCATAACTCTCCAATGC",4
"158","EU852950","TGTAGTAACTTTGCCATCACTGATAATAAAATTGTTAATATCACTAAGGACATGAAAGAGGAAATAAAAAAC","EU852958","TGTAGTGACAAGGTCAGCTCTAATAATAATGTCACCTATATTGACACTGTCACCCATGTCAATATGACAGGGGAAATAAAAAAC",1
"159","EU852950","TGCTCTTTCAATATGACCACAGAATTAAGGGATAAGAAACAGAAAGTATATTCACTTTTTTATAGACTGGATATAGTACAAGTTAATAATAGCAGCAGTCAGTATATGTTAATAAATTGT","EU852958","TGCTCTTTCAATATGACCACAGAATTAAGGGATAAGCAACGGCAAGTACGTTCACTTTTTTATAAACTGGATATAGTACAAGTTAGCAACAACAGTAACAGTCTGTATAGGTTAATAAATTGT",2
"160","EU852950","GGTAATAACGAAAGTGAAACCTTCAGACCT","EU852958","AATACTACCGGGAAAAATGAGATCTTTAGGCCT",5
"161","AF457084","TGTAGTGATAGCAATATCACCTCTAATAGCACCTCTAATAGCACCAAGGACAGTGCCACCCTTGATATGAAAAGCGAAATACAAAAC","AF407157","TGTAGTAATATTAACAATATCCCCAATGTTAATGCTAGCAGTATCCCCAAGGACGTGAAAGAAGAAATAAAAAAC",1
"162","AF457084","TGCTCTTTCAATATGACCACAGAACTAAGGGATAAGAAACAGAAAGTATATTCACTTTTTTATAGACTTGATGTAGTACAAATTAATGAAAATAGTAGTGACTATAGATTAATAAATTGT","AF407157","TGCTCTTTCAATATGACCACAGAATTAAAGGATAAGAAACAGAATGTATATTCACTTTTTTATAGACTGGATGTAGTACCACTTGAGACCAACCTAAAACAGAATAGCAGCCACAGTCGGTATAGATTAATAAATTGT",2
"163","AF457084","TGTATCAGACCTGGCAACAATACAAGAAAAAGTGTGCATATAGGACCAGGACAAGCATTCTATGCAACAGGTGACATAATAGGGGATATAAGACAAGCACATTGT","AF407157","TGTATCAGACCTGGCAACAATACAAGAAAAAGTATACATTTAGGACCAGGAAAAGTATTCTATGCAACAAATATAATAGGGGATATAAGAAAAGCACATTGT",3
"164","AF457084","TGTGACACATCAGGCCTGTTTAATAGCAGTTGGACTGCTAGCAATGATAGCATGCAGGAGGCACATAGCACAGAGTCAAATATAACTCTCCAATGC","AF407157","TGTAACACATCAGGCCTGTTTAATGGCATTTGGAATGGCACGCAGGAGCCAAATAGAACGGAGTCAAACGATACTATAACACTCCAATGC",4
"165","AF457084","GAGGGTAATAACAGTACAAATGAAACCTTCAGACCA","AF407157","ATAATTAACGGTACAGAGGAGACCTTCAGACCT",5
"166","KT022365","TGTAATGACAACATCACCACCAATAGCACTAACACCATTAGCAAGACCAGCGCCAGCACTACTAGTAGCCCCATGGAAGGAGAAATGAAAAAC","FJ866118","TGTAGCCATAATATAAACCATAATGAGACCACTTTCTCTAATGACACCAATCTCCCCAATATCACCGAAGAGATGAGAAAC",1
"167","KT022365","TGCTCTTTCAATATAACCACAGAATTAAGGGATAAGAAAAAGAAAGTACATTCACTTTTTTATAGACTTGATATAGTAGAAATTAAGGAAAATCAAGATAAAAGTAATAGTAGTAGTAATAGTAGTAGTCAGTATAGTCAGTATAGATTAATAAATTGT","FJ866118","TGCTCTTTCAATATGACCACAGAAGTAAGGGATAGGCAAAAGCAAGTATATTCACTTTTTTATAGACTTGATATAGTACAAATTAATGAAGATCAAAAAGAGGGTAGTAAGGGTAGGTATAGATTGATAAATTGT",2
"168","KT022365","TGTGATACGTCAGGCTTATTCAGTAGCACCTGGCAATTCAATGGGAGTACCTGGAACAACACAGATTCAAACAGCACAGGGTCAGATGACACTATAGAACTCCCATGC","FJ866118","TGTAATACAACAGGACTGTTCAATCTCACTTGGAATGGCACTGACAGCACAAATAGAAATGAGTCAGGCAATATAACTCTCCCATGC",4
"169","KT022365","AACAGAACTAATGAAACCTTCAGACCT","FJ866118","GACGACGAGAATAACACTGAAACCTTCAGACCT",5
"170","AF457086","TGCGGTAATGTCACCCTTGATGGCACCAAGACTAATATCACTAATGCCACTACTAAATATCTGAAGGAAGAAATAACAAAC","KT022367","TGTAGCGACTTCAAGACCAATAACACCATAGGCAATGTTACCACAGAAATAAAAAAT",1
"171","AF457086","TGCTCTTACAATGTGACCACAGAAATAAGGGATAGGACACAGAAAGTATATTCACTTTTTTATAGACTTGATGTAGTACCAATTGATAGCGGTAATAGTAGTGGTAATAGTAGTCAGTATAGATTAATAAATTGT","KT022367","TGCTCTTTCAATATGACCACAGAATTAAGGGATAGGAGGCAGCAAGTATATTCACTTTTTTATAAACTGGATGTAGTACAAATTGATGGCAATAATAGTCAGTATAGATTAATAAATTGT",2
"172","AF457086","ACCAATAGTACAAATGAAACCTTCAGACCT","KT022367","GGTAATAACAGAAAAAATGAAACCTTCAGACCT",5
"173","KU921732","TGTAATAATGTTAATATTACTAATAATGTTACTAATAATGTTACTTATAATGTTGTTGACAACAGCACCGATATGAAAGAAGAAATAAAAAAC","FJ623488","TGTACCAATGTCAATGTCACAACTAATGCCACTGATACCACTATCAATGGTGATGGTGGCATGAGGAAC",1
"174","KU921732","TGCTCTTTCAATATGACCACAGAATTAAGAGATAAGCAACAGAAAGTATATTCACTTTTTTATAGGCTAGATATAGTACAACTTAATAGCAGCCAGGAGAATAGCAGTCAGTATATATTAATAAATTGT","FJ623488","TGCTCTTACAATATGACCACAGAGCTAAGGGATAAGAAACGGAAGGTTTATTCACTTTTCTATAGGCCTGATATAGTACCAATTAATCAAGATAATAGTAGTAATAATAATAATAGTAGTAATAGTACTAGTGAGTATAGATTAATAAATTGT",2
"175","KU921732","TGTAATACATCAGGCCTTTTTGATGACACTTGGAATGGCACGAAGTCAAATGACACTATAACACTCCCATGC","FJ623488","TGTAACACATCAGGTCTGTTTAATAGCACTTGGGATAACAATACTGGCAATTGGTCTAGCAATAGCAGCAGCATGCAGGGGTCAAATAGCACAGATGATACTATAACTCTCCCATGC",4
"176","KU921732","CATAACATTACAAATGAAACCTTCAGACCT","FJ623488","GGTACTGAGGATAATACTACAGAAGTCTTCAGACCT",5
"177","KU921788","TGTACCAACATCACCATTTGTAACAACAGCATCAACATCACAGAAACCACACATTGTACTAACATCACCAGTACCTCAAATAATACCACAAATGCCACGGTAGACACAGAAGCAATACAAAACATGAAAAAC","FJ623487","TGTACAAATGCCCATAAGACTACAAATGATACTACACAGGATAATACTACAAATGCCACTCCAACACTCGAGCCAGGCGAAATAAAAAAC",1
"178","KU921788","TGCTCTTTCAATGTGACCACACTATTAAGGGATAAGCAACAGAAGGTAGCTTCACTTTTTTATAGACTTGATATAGTACCAATTGATAATAGTGGTAGTGATGAGTATAGATTAATAAATTGT","FJ623487","TGCTCTTTCAATATGACCACAGAGCTAAGGGATAAGAAACAGAAGGTATATGCACTTTTTTATAGACTTGATGTAGTACAAATTAATAATGATACACAAAGTACTAATGGTACAAGTGATGGTACAGGTGAGTATAGATTAATAAATTGT",2
"179","KU921788","TGTACCAGACCTGGTAACAATACAAGAACAGGTATACATATAGGACCAGGACGAGCATTTTATGCAACAAATACCCCAATAGGGGATATAAGACAAGCACATTGT","FJ623487","TGTATCAGGCCTAACAATAATACAAGAAAAGGTATACGGATAGGACCAGGACAAGCATTTTATACAACAGAGATAATAGGGGACATAAGACAAGCATATTGT",3
"180","KU921788","TGTGATACATCAAGCCTGTTTAACAGCACTTGGGAACCAAACAATGTTAGTAGCAATTTAAATGGCACTATAACTCTCCAATGC","FJ623487","TGTAATACATCAAGACTGTTTAATAGCACTTGGAACAATGGCACTTGGAACAATACCAACATGCAGGAGTCAAATAGCACGAAGTCAGAAAATGGCACTATAACTCTCCCATGC",4
"181","EU853070","TGTGCTGAGGTCACAAACAGAACGAATTCCTCCGTCGTCCAGGACATGAAAGGAGAAATAAAAAAT","EU853062","TGTGCTGAGGTCACAGACAGAACGAATGTCTCCGTCGTCCAGGAGAACATGAAAGGAGAAATAAAAAAT",1
"182","EU853070","TGCTCTTTCAATATGACCACAGAACTAAGAGATAAGGTGAAGAAAGTATATTCACTTTTTTATAAACTTGATGTAGTACAAATTAATAAGAATAGTAGTGAGTATACATTAATAAATTGT","EU853062","TGCTCTTTCAATATGACCACAGAGCTAAGAGATAAGGTGAAGAAAGTACATTCACTTTTTTATAAATTTGATGTAGTACAAATTGATAAGAATAGTCCTAATAGTAGTGAGTATACATTAATAAATTGT",2
"183","EU853070","TGTAATACATCAGACCTGTTTAATAGCACTTGGTACTTAAATGGCACTAGCACTTGGTACAATGGCACTAACACGCCGTTAAATGATAATATAACTCTCCCATGC","EU853062","TGTAATACATCAGACCTGTTTAATAGCACTTGGTACTTAAATGGCACTAGCACTTGGTACAATGGCACTGCAAATAACGCACCGTTAAATGGTAATATAACTCTCCCATGC",4
"184","AF457052","TGTAGTGACGTCACCACCAATAACACCAAGGTCAATACCACCAGTGCCCCTACCACCGCTGCCACTGTCAACAATGACAGTGACATGAAAAAC","HM215275","TGTAGTACCATCACCCTCAATAACACTGACACCCACAGCACCAATAACACAGACATAGACGCAATGAGAAAC",1
"185","AF457052","TGTTCTTACAATATGACCACAGAACTAAGGGATAAGAAACAGAAAATGTATTCACTCTTTTATAGACTTGATGTAGAACTAATAAATAAGAATAATAGTAATAGCACTGAGTATGTATTAATAAATTGT","HM215275","TGCTCTTTCAATGTGACCACAGAATTAAGGGATAAGACAAAGAGAGTGTATTCACTTTTTTATAGACTTGATATAGTACAAATAGATGGAAATAATAGCAATGGTAGTGGTGAATATAGATTAATAAACTGT",2
"186","AF457052","TGTAATACATCAGGCCTGTTCAATAGCACTTGGCCTGTCAATCAGGAGTCAAATAGCACAAAGTCAAATGGCATTATAACTCTCCGATGC","HM215275","TGTAATACATCAGGTCTGTTCAATAGCACTTGGGAGGCCAATAGTACTGCCAATACCAGCACGACAAATATAACTCTCCCATGC",4
"187","AF457052","AATAGTACTGTCAATGAAACTTTCAGACCT","HM215275","GGTAATAACAGTGCAACAAATGAAACCTTCAGACCT",5
"188","JX508855","TGCAGTGTCCCCTTCAACGCCACTGTCAATGGCACTGCCAATGTCCAACTACCCAATGTCACTACTGAACTAAGAAAC","JX508857","TGCAGTGCCGTCCCCCTCAACGACACTGGCAACGCCAATGCCAGTGCCACTGCCAATGTCACTGCCAAATCAACCACTGTCAATACCACTACCGAACTAAGAAAC",1
"189","AF457070","TGTACCAATGCCAATGCCAAGAATGGCACCAACGATTTGAAGGACCAGGAAGAAATAAAAAAC","AF484507","TGTAGCCATACCAATGTCAATGTCGGTAGCATGTATCTCAACATCAAGGAAAGCCTGAAAGAAGAAATAAAAAAC",1
"190","AF457070","TGCTCTTTCAACATAACCACAGAGCTAAGGGATAAGAGGAGGAAGGTATATTCACTTTTTTATAAACTTGATATAGTACAGATTAATGAAAATCAAGGTAATAGAAGTAACAATAGTGAGTATAGATTAATAAATTGT","AF484507","TGTTCTTTCAATATGACCACAGAAATAAGGGATAAGGAAAAAAAAGTATATTCACTTTTTTATAAACTTGATGTAGTAGAAATTAATGATAAAAATAATAGTAGTAATAATAACAGTAACAGTAGTGAGTCTAAACTGTATAGATTAATAAATTGT",2
"191","AF457070","TGTAATACATCAGGCCTGTTTAATAGCACTTGGAATAGCACTGGGAATGACACTTGGAGTGGCAATGCCAGCACGCAGGAGTCAAATGACACTATAACTCTCCCATGC","AF484507","TGTAATACATCACAATTGTTTAATAGCATTTGGAATGTCACTAACAGCACAGAGTCAGAGAATAGCACGGGGTCAGATGACACTATAACTCTTCCATGC",4
"192","AF457070","AACAATGAAAGTGAAACCTTCAGACCT","AF484507","AATAACAATACAGGTAATGAAACCTTCAGACCT",5
"193","AF069670","TGTACCAATGCCAACGGAACCCAGAATGTCAACATCACGAATGTAGGAATGAGAAAC","MF373168","TGTAACAATGTTTCTGTTTCTACCAATAATACCAATGATACAGTGGAAGCAAACAAAGAATTGAGAAAC",1
"194","AF069670","TGCTCTTTCAATATGACCACAGAGCTAAGGGATAAGAAACAGAAAGGATATTCACTTTTTTATAAGCTTGATATAGTACAAATTAATGATAATGGTAATAACAGTAATAACAGTAGTGAGTATAGGTTAATAAATTGT","MF373168","TGCTCTTTCAATATGACTACAATGCTAAGGGATAAGAAACAGAAAATATATTCACTTTTTTATAAGCTTGATATAGTACAAATTAATGGTAATGATAATAATAATGATACTGTTAGTAATAGTAATTATAGGTTAATAAATTGT",2
"195","AF069670","TGTAATACATCAGGCCTGTTTAATAGCACTTGGAGCCAAAATGACACTGGGGTATCAAATAGCACGGAGTCAAATGACACTATAATTCTTCCATGC","MF373168","TGTGATACATCAGACCTGTTTAATAGCATTTGGCCGTTTAATAGCACTCGGGGACACAATGAGACTGAAAGATCAAATAGCACAGAGACAAATAACACTATTATAAAACTTCCATGT",4
"196","AF457063","TGTAGCGATGTCAATGTCACTAACAACAGCATGAAAGGAGAAATGAAAAAC","AF457055","TGTAGCGATGTCACGAATAACACCCTCAGGAATGCCACTGTGAATGCCAATGCCAATGCCACTGTCACTGGGGACATGGAAGGAGAAATGAAAAAC",1
"197","AF457063","TGCTCTTACAATATGACCACAGAACTAAGGGATAAGAAAAAGAAAGTATACTCACTTTTTTATAGACTAGATGTAGTGCAAATTAATAATGGTAATAGTAGCAGTGGTAATAGTAGCAGTAGTGAGTATAGATTAATAAATTGT","AF457055","TGCTCTTACAATATGACCACAGCAGTAAGGGATAAGCAAAAGAAAGTATACTCACTTTTTTATAGGCTAGATGTAGTGCAAATTAGCAATAATAGTAGCAGTAGTAGTGAGTATAGATTAATAAATTGT",2
"198","AF457063","TGTAATACATCAGGCCTGTTTAATAGCACATATAGCTGGAACGAAACTGTCAGCAATAGCACAGAGTCAAATGACACCATAACTCTCCCATGC","AF457055","TGTAATACAACAAACCTGTTTAATAGCACCTGGAGAGGAAATAAAACTGTCAGCAATAGCACAGAGTTAGATGAAAATGGCACTATAACTCTCCCATGC",4
"199","AF457063","AATGGTGGTAATAACAATACAACTGAAACCTTCAGACCT","AF457055","AGTGATAACAATATAAGTAGTGAAACCTTCAGACCA",5
"200","KT022375","TGCACCAATGCTAAAATTATCAATAATGAGACCAAGTTTAACGAAGAACTAAAAAAC","MF373181","TGTACAAATAATGTAACAAGTATTAACAGTACTGCAACAGTTAATAACAGTGCCATAGAAGAAATAAAAAAC",1
"201","KT022375","TGCTCTTTCAATATGACCACAGAACTAAGGGATAAGACACAGAAAGTATATTCACTTTTTTATAGACTTGATGTAGTACAAATAAATGCTAATGGTAGTAATAATGATAGTTATAGATTAATAAATTGT","MF373181","TGTTCTTTCAATGTGACCACAGAAATATGGGATAAGAGACAAAAAGTGTATTCACTTTTTTATAAACATGATATAGTACAAATTGATGAGAATAGTACTGAGTATATATTAATAAATTGT",2
"202","KT022375","TGTATCAGAGTTAGCAACAAGACAAGAACAAGTATACGTATAGGACCAGGACAAACATTCTATGCAACAGGTGCCATAATAGGAGACATAAGAGAAGCACATTGT","MF373181","TGCACCAGACCTAACCAGAAGAAGAGCAGAAGTATGCGTATAGGACCAGGACGAGTATTTTATGCAACAGAAAAAATAACAGGGAAACAAGCATCTTGT",3
"203","KT022375","TGTAATACATCAAAACTGTTTAATAGCACTTGGCCACAGTCAAACCACACGGAAGACAATGGAAATCTAACTCTCCCATGC","MF373181","TGTAATACATCAGGCCTGTTTAACAGTAGTTGGGGAAATGGCACTAACAACAGCAGCACTGGGGGGCAAACTATAACTCTCCCATGC",4
"204","KT022375","AACACTGGGAACAATACAGAGGGAAATAAAACTGAAATCTTCAGACCT","MF373181","CCTAATAATAGTACAAATGAAACCTTCAGACCG",5
"205","KU921804","TGTACCAACATCAGCACGGTGGGCAACCGCACGGTGGAAGGAAACATGATAGGAAAAATAAAAAAC","L22957","TGTACCAATGCCAACCTCACCAATGCCAATAAAAATGCCAAGGTCAACAGCGCCACGAATGGCACCATCCAGAGCATGGAAAGAGAAATAAAAAAC",1
"206","KU921804","TGCTCTTTTGATATGACCACAGAACTAATGGATAGGAAAAAGAAAGTATATTCACTCTTTTATAAACTTGATATAGTGCCAATTGATGAAAGGAATAGCAGCAATAGCAGCAATGAGTATAGATTAATAAATTGT","L22957","TGCTCTTTCAATATGACCACAGAACTAAGGGATAAGACACGGAGAGTATATTCACTTTTTTATAAACTTGATGTAGTACAAATTAAAAATAGTAGTGAGTATAGATTAATAAATTGT",2
"207","KU921804","TGCATCAGACCTAACAACAATAGAAGGACAAGCATACATATGGGACCAGGACGAGCATTCTATGCAACTGATATAATAGGAGATATAAGAGAAGCGCGTTGT","L22957","TGTACTAGACCTGGCAACAATACAAGAACAAGTGTACGTATAGGACCAGGACAAGCATTCTATGCAACAGGTGATATAATAGGAGATATAAGACAAGCACATTGT",3
"208","KU921804","TGTGATACATCAAGCCTGTTTACTGGTACTTGGAATGGTACTACTTGGATGAATAGCACTGACACTGAAAATATAACTCTTCCATGC","L22957","TGTAATACAGCAGGCCTGTTTAATAGTACTTGGAATAAAAATGACAGCATAAAGTCAAATGACACAAAGTCAAATGACATTATAACTCTTCAATGC",4
"209","AY669701","TGTACCACTGTCGACAACACCACGAATGTCAACATCTCGAAGGACATGATAGGAGAAATAAAAAAC","MF373124","TGTACCGATGCCAATGTCACTATCAATGCCAATGACACCCTGAGGGGCACACCAGGAGAAATAAAAAAC",1
"210","AY669701","TGCTCTTACAATATGACCACAGAACTAAGGGATAAGAAACAGAAAATATATTCACTTTTTTATAGACTTGATGTAGTACCAATTAATGAAAGTAATAGTAGTGATAATTTCAGTGAGTATAGATTAATAAATTGT","MF373124","TGCTCTTTCAATATGACCACAGAACTAAGGGATAAGAAGAAGAAAGTATATTCACTTTTTTATAAACTTGATGTAGCACAAATTGATGAAAATGACAATAGGACCTACAGTGAGTATAGATTAATAAATTGT",2
"211","AY669701","TGTAATACATCAGGCCTGTTTAATAGTATCTGGTGGGAAAATGGCACTAACAATATGCCAAATAGCACGGAGACAAATGGCACTATAACTCTCCCATGC","MF373124","TGTGATACATCAGGCCTGTTTAATAGTACTTGGCCTTGGCAAAATGACACTGCCAGCCTATCAAATAACACAGAGTTAAATGGTAATAGCACAGAGTTAACTGGTACTATAACTCGCCCATGC",4
"212","AY669701","GGGGATGCTAACAGCACAAATGGAAATGAGACATTCAGACCT","MF373124","GATAATAGCTACAATGAAACCTTCCGACCT",5
"213","KX129497","TGTACCAATGCCCGCAACAACACGAAAATCGATATCGATCCCCTCACTAACACGAGCATGGAAGGAGAAGTAAAAAAC","AY772997","TGTGAGAATGCCAACCGCACGAGTGAGAATAATGTCAACAACATAAGCATGGTAGAAGAAATAAAAAGC",1
"214","KX129497","TGCTCTTACAATACGACCACAGTCATAAGGGATAAGCAACAGAAAGTATATTCACTTTTTTATAGACTTGATGTAGTACCAATTGGTGAAAGTAATAGTAATAGTAGTAATTACAGTGAGTATACATTAATAAATTGT","AY772997","TGCTCTTTCAATATGACCACAGAACTAAGGGATAAGCAACAGAAAGTACATTCACTTTTTTATAAACTAGATGTAGTACCAATTAATGAAGGTAATGGTAATAATAGTAAAGAAGAGTATAGATTAATAAATTGT",2
"215","KX129497","TGTATCAGACCTAACAACAATACAAGAAAAAGTGTACGTATAGGACCAGGACAAGCATTCTATGCAACAGGTGATATAATAGGGGATATAAGACAAGCACATTGT","AY772997","TGTACTAGACCTAACAACAATACAAGAAGAAGTATACATATAGGACCAGGACAAGCATTTTATGCAACAGATATAATAGGGAATATAAGACAAGCACATTGT",3
"216","KX129497","TGTAATACATCAGGCCTGTTTAATAATAGTGTTTGGAAAAATGACACTGAAAGCATAAATATCACGCAGTCAAATGACACTATAATTCTCCCATGC","AY772997","TGTAACACATCAGGCCTGTTTAATTGGAATGACACTTATAGCATGGAGGCAAATAGCACAGAGTTAAATGACAATATAACTCTCCCATGC",4
"217","KU865820","AGTAACAATAATACAACTGAAATCTTCAGACCT","KU865783","ATTAGCAATAATACAGATAATAAAACTGAAATCTTCAGGCCT",5
"218","AY669705","TGTACCAAT?A??TC??CAGCATC?ACCCCAC?ATCGAC??CATCACCAAC?TGAGCATGGAA??AGAAATAAAAAAC","AB098332","TGTATCAATGTCAGTGCCAGTAACAGCAGCAGTGACATCAGCATAAATGCCACCAGCATGAATGTGGATGAAATAAAAAAC",1
"219","AY669705","TGCTCTTACAATAT????????????????????????????????????????????????????????????????????????TAATAGTAGTAGTAATAGTAG??GTGAGTATAGATTAATAAATTGT","AB098332","TGCTCTTACAATATAACCACAGAACTAAGGGATAAGAAAAAGAAAGTATATTCACTTTTTTATAAGCTTGATGTAGTACCACTTAATGAACATGATAATAGTAGTTATAGATTAATAAATTGT",2
"220","AY669705","TGTACCAGACCTAATAACAATACAAGAAAAGCTATACGTACAGGACCAGGACAAGGACAAGCACTCTATGCAATAGGTGCTATAATAGGGGACATAAGACAAGCACATTG?","AB098332","TGTACCAGACCTAACAACAATACCAGGAAAAGTATACGTATAGGACCAGGACAAGCATTCTATGCAACAGGTGACATAATAGGGGATATAAGACAAGCATATTGT",3
"221","AY669705","TGTAATACATCAAGACTGTTTAA?AGTACTTGGAATAGTACTTGGGAAAATGGCACAGAACCAAATGGCACGGAGGTAAATGGTACAATAACTCTCCCATGC","AB098332","TGTAATACATCAGGCCTGTTTAATAGCAGTTGGAACAATGTGAATTCTAATATCATGAGGTCAAATGCTACAAATGATACTATAACTCTCCCATGC",4
"222","FJ647148","TGTACCAATGCCAATATCACCTATGTCAGTACCAACAGCACGAAGGCCTATGTCACTGTCAACGGCACAACGGAAGAAATAAAAAAC","AF107771","TGTAGCAACAATGTCACTGCCAACACCAACAGCACGAGTGCCAACCTCACGGATAGCGTGAAAGGAGAAATGAGAAAC",1
"223","FJ647148","TGCTCTTATAATATGACCACAGAACTAAGGGATAAGAAACAGAAAGTATATTCACTTTTTTATAGACTTGATGTAGTACAGATTAATAAAAATAATAATAGTAGAGATAATGATAGTGGTGAGTATAGATTAATAAATTGT","AF107771","TGCTCTTTCAATATTACCACAGAACTAAGGGATAAGAAAAAGAAAGTATACTCACTTTTTTATAAACTTGATATAGTAAAAATTAATAAAAATAAAAGCTTCAGAGGTAAAAATAGCAGTGGTAATAGTAGCAGTGATCGATATAGATTAATAAATTGT",2
"224","FJ647148","TGTAATACATCAGGTCTGTTTAGTAGCAGGTGGTTCACTAATGGCACTAACAGCACGGAGTCAAATGGCACAGGCAATATAACTCTCCAATGC","AF107771","TGTAATACATCAGGTCTGTTTAATAGTAGTTGGAATGAAAATGACACCAAAGTAAATTACAACACTGAGTCAAATGACACTATAACTCTCCAATGC",4
"225","FJ647148","ATTAACACAACAGAGGAAATCTTCAGACCT","AF107771","GTAACTAACAATACAAATAATGAAACCTTCAGACCT",5
"226","KU143241","TGTACCAATGCCAAAAGCAAGAATGTCACGAATGGCAACAACACGGGGGACATGGGAGGAGAACTAAAAAAC","KU921841","TGTACCAATGCCACTATTACCAATACCAATGTTACCAATGCCAATGGCACGGTGGACAGGATACCAGTGGAAGAAATAAAAAAC",1
"227","KU143241","TGTAATACATCAGGCCTGTTCAATGGTATTTGGAAAAAGAACAGTAGTACCTGGAAGAATGGCACTGTAAATAACACGGAATTAAATGACAACATAACTCTCCCATGC","KU921841","TGCAACACATCAGGCCTGTTTAATAGCACTGACATGAGTTCAAATAACACAGAGTTAAATGACACTATAAGACTCCCATGC",4
"228","KU143241","GCTGGTAATAGTAGTGATAATGAAACCTTCAGACCT","KU921841","ATAGAAAATGAAACAGAAATCTTCAGACCT",5
"229","KX232624","TGTACCGATGTCAACAACAATGTCACTGTCAACAACAATAGCAATGTACAAGAAATGAAAAAC","KX232621","TGTAGCAACAATGTCACTGTCAAAAATGCCAATGCCACTAATAGTAGTCAAATTGCAGCAGAAGAAATGAGAAAC",1
"230","KX232624","TGCTCTTTCAGTACAACCACAGGAATAAGGGATAAGAAACGGAAAGCATATTCACTTTTTTATAAACTTGATCTAGTATCAATGAATAATAATAATAATAGTAATGAGTATATTCTAATAAATTGT","KX232621","TGCTCTTTCAATGTAACCACAGAAATAAGGGATAAGACACGGAAAGTACATTCACTTTTTTATAAACTTGATTTAGTACAAATTAATAGTAATAGTAGTACTAATAACAGTGAGTATATTTTAATAAATTGT",2
"231","KX232624","TGTAATACAACAGGCCTGTTTAATAGTACTTGGTATAATAATGGAACTGAGGAAGCAAATAACACGGGGTCAAATGACACTATAACACTCCCATGC","KX232621","TGTAATACAACAAGCCTGTTTAATAGTACTTGGCCTCATAATGGGACGGAAATAAATAGCACGGAATCAAATGACAATGGCACTATAACACTCCCATGC",4
"232","KX232624","AATAACACAAATGACACAAGTGAAACCTTCAGACCT","KX232621","GTGACTAATGGCACAAATGAAACCTTCAGACCT",5
"233","KX232614","TGTACCAATGTCAAAGACAATGTCACTGTCCCCAGTACCAATGCCACTGTCGCTCCCAATGACACTGCCACTGTCAATGAAACTGACAGTGACAGGAAAAAC","KX232607","TGTACCAATGTCAGTGTCACCAATGTCACTGTCAATACAACTGAAGAAGAAATGAAAAACTGCTCTTTCAATATAACCAATGTCACTGTCAATACAACTGAAGAAGAAATGAAAAAC",1
"234","KX232614","TGCTCTTTCAATATAACCACAGAAATAAGGGATAAGAAACAGAAAGCATATGCACTTTTTTATAAGCTTGATTTAGTACCCATTAATACTAGTAAGAATGACAGTGAGTATATTTTAATAAATTGT","KX232607","TGCTCTTTCAATATAACCACAGAAATAAGGGACAGGAAAAAGAAAGCATATTCACTTTTTTATAAGCTTGATATAGTACCAATTGATAATAATAATACTAGTAATAATGACAGTAAGTATATTTTAATAAATTGT",2
"235","KX232614","TGTACCAGACCTAACAACAATACAAGAAAGAGTATACATATAGGACCAGGACAAGCATTTTATGCAACAGGGGAGGTAATAGGGGACATAAGACGAGCATATTGT","KX232607","TGTACCAGACCTAACAACAATACAAGAAAGAGTATACGTATAGGACCAGGACAAGTATTCTATGCAACAGGGGATGCAACAGGGGAAATAATAGGGGACATAAGAAAAGCACATTGT",3
"236","KX232614","TGTAATACAACAAACCTGTTTAATAGTACTTGGCCTGAGAATAAAAATAGCACAGGGTCAAATGACACAGGGTCAAATGGCACTATAACTCTCCAGTGC","KX232607","TGTAATACAACAGACCTGTTTAATAGTAGTTGGCCTGAGAATGGGACTAGCGAAGCAAATAGCACAGGGTCAAATGACACCATAAGGCTCCCATGC",4
"237","KX232614","AATAATAACACAAATGAAACCTTCAGACCT","KX232607","ACTAATAACTCAACTAATGAAACCTTCAGACCT",5
"238","KX232618","TGTACCAGTGTCACTGTCAATAACACTGTTACTGAACAAGAAATGAAAAAC","KX232619","TGTACCAATGTCACTGTCAAAAACAGTACTGAACAAGAAATGAAAAAC",1
"239","KX232618","TGTAATACATCAGGCCTGTTTAATAGTACTTGGTCTAATAATGAGACTGAGGGAGCGGGGTCAAATGACACTATAACACTCCCATGC","KX232619","TGTAATACAACAGGCCTGTTTAATAGTACTTGGCCTAATAATAAGACTGAGAGAGCAAATGAGACTGAGAAAGCAAATGACACTATAACACTCCCATGC",4
"240","KX232618","GATTATAACACATCTACAAATAATGAAACCTTCAGACCT","KX232619","GATCGTAACACATCTATTAATGAAACCTTCAGACCT",5
"241","KX232609","TGTGCCAATATCAATAGCAGCGTCA?ACACTGTGCCAATATCAATAGCAGCGTCAATGCCACAAAAGAAATGAAAAAC","KX232610","TGTACTAATACCACTAATAGTACTAATATCCCTAATAACAATACCCAAGTCAACAATGTCAATGTCACACAAGAAATGAAAAAC",1
"242","KX232609","TGCTCTTACAATATAACCACAGAGATAAGGGATAAGATACAGAAAGTATATTCACTTTTCTATAAACTTGATATAGTACCAATTAATCAAAATAATGCTAGTAATGTCAGTGAGTATATTTTAATAAATTGT","KX232610","TGCTCTTACAATATAACCACAGAGATAAGGGATAAGAAACAGAAAGTACATTCACTTTTCTATAAAGTTGATATAGTACCAATTAATCAAAATAAGGCTAGTGATGAGTATATTTTAATAAATTGT",2
"243","KX232609","TGTACCAGATTTAACAACAATACAAGAAAGAGTATACATATAGGACCAGGACAAGCGTTCTATGCAACAGATATAATAGGGGATATAAGACAAGCATATTGT","KX232610","TGTACCAGAGTTAACAACAATAAAAGAACGAGTGTACGTATAGGACCAGGACAAGCATTCTATGCAACAGGTGGTGTAATAGGGGATATAAGAAAAGCATATTGT",3
"244","KX232609","CATAATAGCACAAATGCAAGTAGTGAAACCTTCAGACCT","KX232610","CATAATAATGGCACAA?TAATGAAACCTTCAGACCT",5
"245","HM215266","TGTACTGCCATAACAAATGACACGAGAGGAAATGAAACAGGAATAAACAGGACAGTAGAAACAACTGAAATGACAAAC","KU921755","TGTTTCAATGCCACTGTTACAAATTCCACGGATGAAATGAAAAAC",1
"246","HM215266","TGCTCTTTCAATATGACCACAGAATTAAGGGATAGGAAAAAGAAAGTAAATGCACTTTTTTATAAACTTGATATAGTACAAATTGGTGAAAACAGTAGTAGTCAGTATAGATTAATAAATTGT","KU921755","TGCTCTTTCAACGTAACAACAGAAATAAGGGATAAGAAACAGAACACATATTCACTTTTTTATAAACTTGATATAGTACCAATTAATAAGAGTAGCAGTAGGTATATATTAATAAATTGT",2
"247","HM215266","TGTAATACATCAGGCCTGTTTAATAGCACTTGGAACATTGCTGGGAACAGGACAAATGACACGAAGTCAAATGAAACTATAACTCTCCCATGC","KU921755","TGTAACACATCAAACCTGTTTAATAGTACTTGGCTTAACAATGGCACATTAGGTAGTGACAATGGCATATCAGATAGTAAAAACATAACTCTCCCATGC",4
"248","HM215299","TGTAACCATAATGTCACCACCAATAACAATACCAATATCACCAGTGAAATGAGAGAAGAAATAAGAAAC","KX983566","TGTCATAACCACACCATAAATACTACGAATGATGAAGAAAGAAAAAAC",1
"249","HM215299","TGCTCTTTCAATGTGACCACAGTACAAAGGGATAAGAAACAAAAAGTATATTCACTTTTTTATAGGCTTGATATAGTACAAATGAATGAGGGTAATAATAGTAGCAATAATAGTGCCAATGAGTATAGATTAATAAATTGT","KX983566","TGCTCTTTCAATGTGACCACAGAATTAAGGGATAAGAAACAGAAAGTGCATGCACTTTTTTATAGGCTGGACATAGTACAAATTAATAATAATGATAGTCATAGTTATAGATTAATAAATTGT",2
"250","HM215299","TGCAACACATCAGGTCTGTTTAATAGCACTTGGAAGTTTAATGGCACTTGGAATAGTACTGATCTGGAGTCAAATAACACTGTTATAACTCTCCCATGC","KX983566","TGTAATACATCAAGCCTGTTTAATAGCATTTGGGTTAATGGCACTAGGAATGACACTGTCAGCAATGGAACTTATATAACTCTCCCATGC",4
"251","HM215299","GAGAATAACAGTACCGAAATCTTTAGACCT","KX983566","GAGAATAATAGTACCAATGAAACCTTCAGACCT",5
"252","KU749423","TGTCAATATAACGTCACCCATAACATCAAAGATGACATCCTCAGTATCTCAAATCAGACTGACATGAAAGAAGAAATAAAAAAT","KF716478","TGTAGCAATATCAACAGCACCAATAACACCGCCACCAATTTCACCAATTTCATGGGAGAAGACATAAAAAAC",1
"253","KU749423","TGCTCTTTCGAGGTGACCACAGAATTACAGGATAGGAAACAGAGAGTGCATTCACTTTTTTATAGACTTGATATAGTAAAAATGGAAAAAGATAACAGTAGTAATCAAAATACAAGTGATATAAAGGACCCTTATAGATTAATAAATTGT","KF716478","TGCTCTTTCAATATGACCACAGAATTAAGGGATAAGGAGAAGAAAGTATATTCACTTTTCTATAAAGTGGATATAACACCATTGGAAAACAGCAACGAAACTAAGTATAGGTTAATAAATTGT",2
"254","KU749423","TGTATCAGACCTAACAACAATACAAGAACCAGTGTACGTATAGGACCAGGGCAAGCATTATTCCATGCAGGTGACATAATAGGAGATATAAGACAAGCACATTGT","KF716478","TGTACCAGACCTAACAACAACACCAGAAAAAGTGTACATATAGGACCAGGACGAGCATTCTATGCAACAGATATAATAGGGGACATAAGATGGGCATATTGT",3
"255","KU749423","TGTAATACATCAGGCCTGTTCAATAGCACCTGGTATCCCAATGGCACCAACATAACTAACCCAGGACCAGAGAATATAACCCTCCCATGC","KF716478","TGTAATACATCAAGCCTGTTTAATAGTACTTGGGTATATGGTAATGGAAGCTGGGGGTCAAATAGCACGGGGTTAAATAGTACAATGATAAATAATACTATTTTCAGTGATACCATAATTCTTCAATGC",4
"256","KU749423","AATAATAATAATACAACTGAAACCTTCAGACCA","KF716478","AGTAACAGCAATGCAAGTACAAATGGAAGTGAAACCTTCAGACCT",5
"257","AF457081","TGTACAAATGCCAACACCACCACCACGAATGGCACCATCACAAACGGGGAAGAAATAAAAAAC","HM215272","TGTATCGATATTGCCAATGACACAAGCCGCAATGTCACTGTTGAAATGAAAAGAGAAATACAAAAC",1
"258","AF457081","TGCTCTTATAATATAACCACAGAACTAAGGGATAAGAGACAGAAAGTATATTCACTTTTTTATAAACTTGATGTAGTACAACTTAATGAGGGTAATAGTAGTAATAATAGTAGCAATAATGAGTATAAGGAGTATAGATTAATAAATTGT","HM215272","TGCTCTTACAATGTGACCACAGAAGTAAGAGATAAAAAACAGAAAGTATATTCACTTTTTTATAAAGTTGATATAGTGCAAATTAGTAATAATAGCAGTGAGTATAGATTAATAAATTGT",2
"259","AF457081","TGTAATACATCAGGCCTGTTTAATAGCACTTGGACAAATGACAGTATCAGCACAAATAGCACAAAGTCAAATGACACTATAACTCTCCCATGC","HM215272","TGTAATACATCAAGCCTATTTAATAGTACTTGGTGGAGCAACAACAGCAACAACACTGACAGTGAGGAGTCAAATAGCATGGGGTTAAATGACACTATAACTCTCCAATGC",4
"260","JX096639","TGTAGCAAAGTCAATGGTAACAAGACAGAGGCCAACACCGAGGGGAGTGGGGAGGAAATGAAAAAC","KP223844","TGTAGCAATGTCAATGCCAGCTATGTCAATGGCAACAGCACCAGCTATGTCAATGGCAGCAGCACCGAGGGGAGCTATGGTAATGGCAACAGCACCGAAGGGAGCGGGGAAATAAAAAAC",1
"261","JX096639","TGTAACACATCAACCCTGTTTAGTAGCACTTGGGAGAACGGTACGGAACTAAACAGCACGAAGTCAAATGACACTATAACTCTCCCATGC","KP223844","TGTAACACGTCAAACCTGTTTAAGAGCACTTGGACGAACGGTACCTACACATCGGAGATAAACAGCACGGAGTCAAATAACAATATAACTCTCCCATGC",4
"262","JX508881","TGCTCTTTCAATATGACCACAGAATTAAGGGATAAGAGTCAGAAAGTGTTTTCACTTTTTTATAAACTTGATGTAGTACAAATCAATCAAAATAATAACAGTAGTTATAGATTAATAAATTGT","JX508883","TGCTCTTTCAATATGACCACAGAATTAAGGGATAAGAGTCAGAAAGTGTTTTCACTTTTTTATAAACTTGATGTAGTACAAATCAATCAAAATAATGATAGTAGGCATTATAGATTAATAAATTGT",2
"263","FM165626","TGCAATGACTATAATAGCACCAAATCCAACAATACGGCTCCCACTGAAACGCCAGAAGAAGTAAAAAAC","FM165645","TGCCATAACTACAAAGGCAATGGCACCAATAATACATATATCAACGGAACGGATGCCATGCAAGGAGAAATAAAAAAC",1
"264","FM165626","TGCACTTTCAATACAACCACAGAATTAAGGGATAAGAAAAAGAAAGAGTATTCACTTTTTTATAGACTTGATATAGTACAGATTAATGAAGACAATAGTAGTGATAGCAGGAAGTATAGATTAATAAATTGC","FM165645","TGCTCTTACAATATGACCACAGAATTAAGGGATAAGAAACAGAAAGTGTATTCACTTTTTTATAGACTTGATATAGTACCAATTAGTGAGAAAAATAGTAACAGTAATAGTAACAATAGTAGCAGTAAGTATAGATTAATAAATTGT",2
"265","FM165626","TGCAACACATCAAGACTGTTTAATAGCAGTTGGGAACCATTAGGCCAGTATGATGACAGTCGGAGCAATGACACAAATATAACTCTCCCATGC","FM165645","TGTAACACATCAGGCCTGTTTAATAGCAGTTGGGAAAATGACACTGGCAGCACGCAGGAGTCAAATAGAACAAAGTCAAATGACACTATAACTCTCCCATGC",4
"266","FM165626","AATAAAACTAATGAAACCTCCGAAACCTTCAGACCT","FM165645","AATAACAATACAACTAATGAAACCTTCAGACCT",5
"267","KX907336","TGCCAGTATAACATCACCACGAACAACACCAATAGGAACAATAGCTTTGACATAGGAGAAGAAATGAAAAAC","HQ615971","TGCTCCCATAATATCACCAATAACATTACCAAGATGGACAACAATACGGACAATACAATAGACATGAAAGAAGAAATAAAAAAC",1
"268","KX907336","TGTTCTTTCAATATGACTACAGAAGTAAGGGATAAGAAACAGAAAGTGTATTCACTTTTTTATAGACTGGATATAGTACCAATTAATACCAATAATAGCTATAGATTAATAAATTGT","HQ615971","TGCTCTTTCAATATGACTACAGAATTAAGGGATAAGCAACGAAAAGTGCACTCACTTTTTTATAGACTTGATATAGTACAAATTAATGAAAATGACAATGCTACTCAAAATAATAGTGGTAAGTATAGATTAATAAATTGT",2
"269","KX907336","TGTAATACATCAGGCCTGTTTAATAGCACTTGGAACAGCACTGGGTCAAGAAATGACAGTGGCAATATAACTCTCCCATGC","HQ615971","TGTAATACATCAAAACTGTTTAATAGCAGTATATCCTACAATGGCAGTACAAAGTCAGTAGAGTCAATAAACAGTAACGAGACAATAAGTCTCCCATGC",4
"270","KY658696","TGCTCTTTCAATATGACCACAGAGCTAAGGGATCAGAAAAAGAAAGTGCATTCACTTTTTTATAAACTTGATGTAGTACAAATTGGTGACAACAGCAGTACGTATAGATTAATAAATTGC","HM204621","TGCTCTTTCAATATGACCACAGAATTAAGGGATAAACACCAAAAAATGTATTCTCTTTTTTATAGACTTGATATAGAAGAACTCAATGAAAATAGTAATAGCAGTAATAGCAGTAGCAGTAATAGCAGTGAGTATAGATTAATAAATTGT",2
"271","KY658696","TGTAATACATCAGGCCTGTTTAATAGCAATAGCACAGCAAATAGCACAGCAAAGTTTAATAGCAATAGCACAGCAAATAGCACAGCAAATATAACTCTCCCATGC","HM204621","TGTAATACATCAAACCTGTTTAATAGCACTTGGGGTAATGGCAGTTACAGCACCAATGACACAGGGGACGCAAATTCAAATATAACTATCCAATGC",4
"272","KY658696","GAAAACAATGGAACGAATGAAACCTTCAGACCT","HM204621","ATTAATAGGACGAATGAAACCTTCAGACCT",5
"273","KP718918","TGTTCTTTCAATATGACCACAGAAATAAGGGATAAGAAACAGAAAGTGTATTCACTTTTTTATAAGCTTGATATAGTACCAATTAGTGAAGGTAATAGTACAAGTAATAACAGCCAGTATATATTAATAAATTGT","KP718928","TGCTCTTTCAATACAACCACAGCATTAAGGGATAAGAGACAGAGAGTGTATTCACTTTTTTATAAGCTTGATATAGTACCCATTAATGGAGATAATAGTACAAATACTTATATGTTAATAAATTGT",2
"274","KP718918","TGTAATACATCAGGCCTGTTTAATAGCACTTGGTTTAGTAATGGGAGCAGGGGCAATGAGAGCATGGAAGATGACACCAATATAACTCATATAACTCTCCCATGC","KP718928","TGTAATACATCAGGCCTGTTTAATAGCACTTGGCATAGTAATGGCACTGCAAATGGCACTGAAAATGCCACTATAACTCTCCCATGC",4
"275","KP718918","TATAATATTAGCAATAACGACACCGAGATTTTCAGACCT","KP718928","AATGCTAGTGAGGAAACTGAGACCTTCAGACCT",5
"276","JX508859","TGTAACAGAGTCTCCAATAACATCTCTGACACTGACATTAATAGCACCATTAAAATGAGTGAAGAAATAAAAAAC","JX508862","TGTACCAACATCAACATCACCAATAACAACGCCAACAATAGTAATACCAAGTTGGATGACACAGGAGAAGAAATAAAAAAC",1
"277","JX508859","TGCTCTTTCAATATGACTACAGAATTAAGGGATAAGCAAAAGAAAATATATTCACTTTTTTATAAACTTGATATAGTACAAATTAGTGATAATGATAATAGCAGTTATAGATTAATAAATTGT","JX508862","TGCTCTTTCAATATGACCACAGAGTTAAGGGATAAGAAACAGAAAGTATATTCACTTTTTTATAAACTTGATATAGTACAAATTAGTGATAATAGCAGTAATAACAGTCAGTATAGATTAATAAATTGT",2
"278","JX508859","TGTAATACATCAAAACTGTTTAATAGCACTTGGAAATATAATGATAGTATTAGCAATAGCACTGGGGATACAAACAGTACAGAAATTATAACTCTCCCATGT","JX508862","TGTGATACATCAGACCTATTTAATAGCACTTGGGGTAATGACACTTGGAATCAGGAAATAAATGACACAGGGTCGAATGACACAGGGTCGATAACTCTCCCATGT",4
"279","JX508859","AATGGTAACAGTACAGAGAATAACACTCAGATCTTCAGACCT","JX508862","AAGATTAACAATACAACTGAGATCTTCAGACCT",5
"280","JX508875","TGTAATACATCAGGCCTTTTTAATAGCAGTTGGACTGGGAATAGCACGCAGAAGAATAATATCACAGAGGAGCAAAATAACACAGAGACTATAACTCTCCCATGC","JX508877","TGTAATACATCAGGCCTTTTTAATAGCAGTTGGACTGTGAATAATAGCACAAAGGAGCAAAGTAACACAGGGCATATAACTCTCCCATGC",4
"281","KU921738","TGCAGCAATATCAATATCACTAGAACCAACAGTACCAATAGTAACAGTAGTTCCATAAATAACCAAGGAGAAAGAGAAATGACAAAC","KX983624","TGTCATAACGTCACCAATAATTTCACGGAGGGGGTCCCGGAAGAAGAAATAAAAAAC",1
"282","KU921738","TGCTCGTTCAATGCAACCACAGAATTAAGGGATAAGCAACAGAGAATATATTCACTTTTTTATAAACTAGATGTAGTACAAATTGGGAACGACAGCCACCAGTATAGATTAATAAATTGT","KX983624","TGCACTTTCAATATGACCACAGAGTTAAGGGATAAGAAGCAGTCAGTGTATTCACTTTTTTATAGACTTGATATAGTACAAATTGGTGGAAAGAATAATAGTCAGCATTATAGATTAATAAATTGT",2
"283","KU921738","TGTAGCAGGCCTAACAACAATACAAGAAAAAGTGTACGTATAGGACCAGGACAAGTATTCTATACAACAGACATAATAGGAAAAATAAGACAAGCACATTGT","KX983624","TGTGTCAGACCTAACAACAATACAAGAAAAAGTGTACGTATAGGACCAGGACAAGCATTCTATGCAAGGGGTGGCATAATAGGGGATATAAAACAAGTATATTGT",3
"284","KU921738","TGTAACACATCAGAGCTGTTTAATAGCACTTGGAATAGGACTGACCCTGGCACTTGGAATAACACCAGCACGCAGGAGTCAAATAGCACAGATCAAAAAATAACTCTCCAATGC","KX983624","TGTAATACATCAGGCCTGTTTAATAGCCTCTGGATAAATGGCACCATGCTGAATGGTACCCTGAAGAATTCACCCAGCACAAATGACACCATAACTCTCCCATGC",4
"285","KU749424","TGTAGCAGTGTCAACAGCAGTATCACAGCTAACAGCAGCAGTGGCAATGGCACAGCTAACAGTACAAGTAGCTACGACAAGGAGGCAGTCGAAGAAATGAGAAAC","KX907431","TGCAATAATAATATCACCACTAACACCACCACTGAATGGGGAATGACAAAC",1
"286","KU749424","TGCTCTTACAATATGACCACAGAATTAAGGGATAAAAAACAGAAAATATATTCACTTTTTTATAAACTTGATATAGTACCAATTAATGGTGAGGATAATAAGAGTAGTGAATATAGGTTAATAAACTGT","KX907431","TGCTCTTACAATGTGACCACAGAAATAAGGGATAAGAAAAAGAAAGAATATTCACTTTTTTATAAGATTGATGTAGTAAAAATTGATAATAATAATAATAGCCAGTATAGGTTGATAAATTGT",2
"287","KU749424","TGTAATACATCAGAACTGTTTAATAGCACTTGGGTATACAATGCATCAGAACTTAATGGCACTTGGGTAAACAATGCCAGCATGCCAGGATCAAATAGCACAAGTGAAAATATAACTCTCCACTGC","KX907431","TGTAACACAACAGACCTGTTTAATAGCACCTGGAATGAGACCAGCATACAGGAAAATAGCACAGAGACAAACAACGAGACTATAACTCTCCAATGC",4
"288","KU921835","TGTTCTAATGCCACGGTCACCAATGCTACTAACACTTACAATTATACCCTGGTGACAACAGACGAAGTAAAAAAC","AF407154","TGTACTGACTGGACCAATAATGCCACTAGTACGAACCAAACCACTCCTGCCACTAGTGAGGAGACAGGAGTGAAAAAC",1
"289","KU921835","TGCTCTTTCAATATGACCACAGAGATAAGGGATAAGAAAAGGAAAGTATATTCACTTTTTTATAAGCTTGATATAGTACAAATTAATGAAAATCAAAATGATAGTAGTAAAAATAATAGTAATAGCCAGGAGTATAGATTAATAAATTGT","AF407154","TGCTCTTTCAATATAACCACAGAACTAAGAGATAAGAAACAGAAAGTCTATTCACTGTTTTATAAACTTGATGTGGTACAAATTAGTGAAAGTAATAGTAGTAACAGTAGTAATTTTACTCAGTATAGACTAATAAATTGT",2
"290","KU921835","TGTAACACATCAGAACTGTTTAATAGCACTTGGAGTTGGAATAACACTTGGAATAACACTCATGAGCCAAATGGCACTATAACTCTCCAATGC","AF407154","TGCAATACATCAAAACTGTTTAATAGCAGGTGGGAGAACAATGGCACCGCCAACATGTTGAAGAATGACACAGGGTCAAATGAGACTACTCTGATTCTCCGATGC",4
"291","KU921835","GGTAACAATGTATCAAATGAAACCTTCAGACCT","AF407154","GGTGAAAACGATACAGAGACCTTCAGACCT",5
"292","HM623589","TGCACTAACATTAACATCAACAACAGCACTGACAATGGCACTTCTATCACTAATGAGATAGGAGACGAGATAAAAAAC","HQ385452","TGTTCTAACATCACCAGCACCAGCAGCAATAACAACAGCAGTAACATCACTAATGCCAGCAGCAGCAGCAGCAACAACAGCAGTAACAGTACTGTAGATGAAAGAAACAAAGTAATGACAAAC",1
"293","HM623589","TGCTCTTACAATATTACTACAGAATTTAGAGATAAGAGACGGAGAGTGTCTTCACTGTTTTATAGACATGATATAATGCCAATTAATGAAAAGAATGATAGTAGGACTTATATACTAATAAATTGT","HQ385452","TGCTCTTTCAATATGACCACAGAACTAAGAGATAAGATACAGAAAGTACATTCACTTTTTTATAGGTCTGATGTAGTAGGAATTAATGGTAATAAGGAGTATAGACTAATAAATTGT",2
"294","HM623589","TGCAACACATCAAGCTTGTTTAATAGGACATTTCCGGCCAACTACACGTATAATAGGACTGCTGACAGCACACAGGGGAATACAACTATAACTATCCCATGC","HQ385452","TGCAATACATCAGGCCTGTTTTCTGGCTCTTGGTATAATGGCACTTGGGCTAATGACTCTTGGAGTGCTGGTCCTGGGACCAATGATAATATAACTCTCCCATGC",4
"295","HM623589","AATGAGACAAATGTAGAAGTCTTCAGACCA","HQ385452","AATAGTAGTGAAGAGATCTTCAGACCT",5
"296","HQ595782","TGTAGCAATTCCATAACCCCTCTCGGCGGTACCTCAAATAATAGCAGTTCCAATAATAGTTTCAAGGAAGAAATGAAAAAC","KU168256","TGCCATGACAATATCACCAGTGACAATATCACCAATAATGGCAACACCACCAATAGTCCCAACATCACAAATGAGATGGGAGGAGAAATAAAAAAC",1
"297","HQ595782","TGCTCTTTCAATATGACTACAGAACTAAGGGATAGGAAACAGACAGTATATTCACTTTTTCATAAGCTTGATTTAGTAGAAATTAAGGGAAATAATAATAGCAGTAATGAGACTTATATACTAACAAATTGT","KU168256","TGCTCTTTCAATATGACCACAGAACTAAGAGATAAGAGGAAGAAAGTACATTCACTTTTTTATAGACTTGATATAGTAGAAATCGGTAATAGTAGTAGTAGTAATAATCATGGCCAATATAGATTAATAAATTGT",2
"298","HQ595782","TGTACTAGACCTAACAACAATACCAGAAGAAGTATACATATAGGACCAGGACAAGCATTCTATGCAACTGACATAATAGGGGATATAAGACAAGCACACTGT","KU168256","TGTATCAGACCTAACAACAATACAAGAAAAGGTATAGGTATAGGTCCAGGACAAACCTTCTATGCAGCAGATGCTATAATAGGGAATATCAGACACGCATATTGT",3
"299","HQ595782","TGCAATACGTCTAAACTGTTTAATAGCACGTGGAAAAATGAAAGCAGGCAGGGGTCAAATGACATTATAACTCTCCCATGC","KU168256","TGCAATACATCAGGCCTGTTTAATAGCACTTGGCATGTCAATAATACATCAAGCCTGGTTAATAGCACTGGGAACATAACTCTCCCATGC",4
"300","HQ595782","AATAGAACCGAAAATGAGACCTTCAGACCT","KU168256","ATTAATAATAACAGTATGAATGAGACCTTCAGACCT",5
"301","HQ385453","TGTAGCCACAATATCAGTACCACTAATAGCACCAGTACGGGCAATATCAGTACCATTAATAGCACCAGTGCGGACATGAGAAAC","HQ385464","TGTAGCCACAACATCACCAGCAGCACGGGAGGAGAAATAAAAAAC",1
"302","HQ385453","TGCTCGTTCAATATGACCACAGAACTAAGAGATAAGAAACAGAATGTATATTCACTTTTTTATAAACTTGATGTAGTACAAATAGGGAATAGTAGTAGTAGTGAGTATAGACTAATAAATTGT","HQ385464","TGCTCGTTCAATATGACCACAGAACTAAGAGATAAGAGACAGAATGTATATTCACTTTTTTATAAACTTGATGTAGTACAAATGAATGAAAATAGTAGTGAGTATAGACTAATAAATTGT",2
"303","HQ385453","TGCGACACAACAGGCCTGTTTAATAACACAGAGAAAAATGACACTATAATGCTCCCATGC","HQ385464","TGCAATACAGCAGGCCTGTTTAATAGTACTTGGAGTGAGAATGACACTCAGAAGTTAAATGACACGAAGTTAAATGGAACTATAACTCTCCCATGC",4
"304","HQ385453","GATAGTACTAATAATACTGAGAAATTCAGACCA","HQ385464","AATAATAATACAGATGAGAAGTTCAGACCT",5
"305","HQ385459","TGCCACAACATCACCACCAATGACACGGGTACGGGTAATGTCACGGGTACGGGTAATGTCACGGATAACAACATAGGGGAAATGACAAAC","HQ385473","TGTAGTCACAATGTCACTGTTAAAAACACCACCAAGGTCAATAATACCACTGAGACAGGCATGAAAAAC",1
"306","HQ385459","TGCTCATTCAATATTACCACAGAAATAAGAGATAAGAGACAGAATGTATATTCACTTTTTTATAAACTTGATGTAGTACCAATTAATGGAAATGGTAGTGGAAATGATAGTGAGTATAGGCTAATAAATTGT","HQ385473","TGCTCATACAATGTAACCACAGAGATAAGAGATAAGATACAGAAGGTGTATTCACTTTTTTATAAGCTTGATATAGTACCAATAACTAATAATAGTAGTGATAATGGAAAGTATATACTAATAAACTGT",2
"307","HQ385459","TGTACCAGACCCAACAACAATACAAGAAAAAGTGTACGTATAGGACCAGGACAAGCATTATATGCAACAGACATCATAGGGAATATAAGACAAGCACATTGT","HQ385473","TGTATTAGACCTAACAACAATACAAGAAAAAGTGTACACATAGGACCAGGACAAGCCTTCTATGCAACAGGTGAAATAATAGGGGATATAAGGCAAGCACATTGC",3
"308","HQ385459","TGCGATACATCAGGCCTGTTTAATAGTATTTGGAATAGCACTGCCATCAGCCAGAATGTCGAGGAGTCAAATGATACTATAACTCTCCCATGC","HQ385473","TGCGATACAACACGCCTGTTTAATAGTACTTGGAATGGGACTGACACTGCAGGGGGGAATGACACAACAATAACTCTCCCATGC",4
"309","JQ403028","TGTAATGATGCCAACAGAACAAACATCAATATAACTGAAGAAGAATTTAAAGTAAAAAAC","HQ595784","TGTAGTGGTGTAAACAAACCCAACCAGACTGAAATGGTAAGGGAAATGGTAAGGGAAATGAAAAAC",1
"310","JQ403028","TGCTCTTTCAATATGACCACAATTCTAAGAGATAAGAAACAGAAAATGCATGCACTTTTTTATAGAACTGATGTAGTACAAATTGGAAGTAATAGTAGTGAAAGATATAAGTATAGACTAATAAATTGT","HQ595784","TGCTCTTACAATATGACCACAGAACTAAAAGATAAGAAACAACAAGTATATTCACTTTTCTATAAACTTGATGTAGTATCAGTAGATGGTCAGAATGATTCGGACCTGGTCAATGAGAGTAGCCCATATAGACTAGTAAATTGT",2
"311","JQ403028","TGCAATACAACAGAACTGTTTAATAGCACGTGGAATGACACGAGCAACACATCGCAGGGGACAAATAACAATAGTACTATTACTCTCCCATGC","HQ595784","TGCAACACAGCAGGTCTGTTTAATAGCAGCTGGGGGAACAATGACACTGACAGCAACCAGACAGCAAAGATAAATATAACTCTCCAATGC",4
"312","JQ403028","AAGGGTAAAAGCAATATTACAGAGATCTTCAGACCT","HQ595784","ACAAATAAGACGTGGTCTCACAATGAGACCTTCAGACCT",5
